epoch,train_continent_loss,val_continent_loss,train_cities_loss,val_cities_loss,train_xyz_loss,val_xyz_loss,val_loss,timestamp,checkpoint_dir_name,done,training_iteration,trial_id,date,time_this_iter_s,time_total_s,pid,hostname,node_ip,config,time_since_restore,iterations_since_restore,experiment_tag,accuracy_continent,precision_continent,recall_continent,f1_continent
10.0,1.7273675872058403,1.6858482985269456,0.0,0.0,0.0,0.0,1.6858482985269456,1747896474,,True,10,973fb_00000,2025-05-22_08-47-54,1.4032161235809326,19.910250425338745,1159636,cg14,10.21.0.219,"{'lr': 7.799609874188242e-05, 'optimizer': 'adamw', 'momentum': 0.8563651525727488, 'weight_decay': 0.00016192668339368925, 'layer_size': 256, 'initial_dropout_rate': 0.4979032609693631, 'max_dropout_rate': 0.5111767052284757, 'batch_size': 32, 'epochs': 200, 'lr_patience': 9, 'lr_factor': 0.3278552585413709}",19.910250425338745,10,"0_batch_size=32,initial_dropout_rate=0.4979,layer_size=256,lr=0.0001,lr_factor=0.3279,lr_patience=9,max_dropout_rate=0.5112,momentum=0.8564,optimizer=adamw,weight_decay=0.0002",,,,
100.0,0.6163059608502821,0.7046165863672892,0.0,0.0,0.0,0.0,0.7046165863672892,1747896506,,True,100,973fb_00001,2025-05-22_08-48-26,0.12967753410339355,51.005773067474365,1159633,cg14,10.21.0.219,"{'lr': 6.209981548439518e-05, 'optimizer': 'adamw', 'momentum': 0.9255843232757317, 'weight_decay': 1.9062419153914395e-06, 'layer_size': 832, 'initial_dropout_rate': 0.350216189513459, 'max_dropout_rate': 0.6177944691774124, 'batch_size': 256, 'epochs': 200, 'lr_patience': 6, 'lr_factor': 0.38396286746197306}",51.005773067474365,100,"1_batch_size=256,initial_dropout_rate=0.3502,layer_size=832,lr=0.0001,lr_factor=0.3840,lr_patience=6,max_dropout_rate=0.6178,momentum=0.9256,optimizer=adamw,weight_decay=0.0000",,,,
10.0,1.5231636326487472,1.5441802058901106,0.0,0.0,0.0,0.0,1.5441802058901106,1747896473,,True,10,973fb_00002,2025-05-22_08-47-53,1.0478968620300293,18.81466794013977,1159635,cg14,10.21.0.219,"{'lr': 4.482748660838268e-05, 'optimizer': 'sgd', 'momentum': 0.964037138456747, 'weight_decay': 1.5610098107436357e-05, 'layer_size': 224, 'initial_dropout_rate': 0.06981094163254231, 'max_dropout_rate': 0.6970272247848266, 'batch_size': 32, 'epochs': 200, 'lr_patience': 3, 'lr_factor': 0.18516053738387434}",18.81466794013977,10,"2_batch_size=32,initial_dropout_rate=0.0698,layer_size=224,lr=0.0000,lr_factor=0.1852,lr_patience=3,max_dropout_rate=0.6970,momentum=0.9640,optimizer=sgd,weight_decay=0.0000",,,,
100.0,1.110685716975819,1.1166437069574993,0.0,0.0,0.0,0.0,1.1166437069574993,1747896505,,True,100,973fb_00003,2025-05-22_08-48-25,0.2187333106994629,50.53386688232422,1159637,cg14,10.21.0.219,"{'lr': 0.00018492369681877678, 'optimizer': 'sgd', 'momentum': 0.9657397046482208, 'weight_decay': 9.611169533795637e-06, 'layer_size': 480, 'initial_dropout_rate': 0.3544544708176944, 'max_dropout_rate': 0.5796707063478089, 'batch_size': 256, 'epochs': 200, 'lr_patience': 4, 'lr_factor': 0.43078863328982697}",50.53386688232422,100,"3_batch_size=256,initial_dropout_rate=0.3545,layer_size=480,lr=0.0002,lr_factor=0.4308,lr_patience=4,max_dropout_rate=0.5797,momentum=0.9657,optimizer=sgd,weight_decay=0.0000",,,,
,,,,,,,0.655552479353818,1747896482,,True,22,973fb_00004,2025-05-22_08-48-02,0.8298578262329102,27.863396167755127,1159634,cg14,10.21.0.219,"{'lr': 0.0001573312250040671, 'optimizer': 'adam', 'momentum': 0.8719660264959684, 'weight_decay': 3.290480944945754e-06, 'layer_size': 864, 'initial_dropout_rate': 0.04850327235140611, 'max_dropout_rate': 0.6097411892380116, 'batch_size': 64, 'epochs': 200, 'lr_patience': 3, 'lr_factor': 0.40862821094802915}",27.863396167755127,22,"4_batch_size=64,initial_dropout_rate=0.0485,layer_size=864,lr=0.0002,lr_factor=0.4086,lr_patience=3,max_dropout_rate=0.6097,momentum=0.8720,optimizer=adam,weight_decay=0.0000",78.74692874692875,0.8304551642547361,0.7874692874692875,0.8015639277491212
,,,,,,,0.6004898046905344,1747896574,,True,79,973fb_00005,2025-05-22_08-49-34,0.7938463687896729,66.69293427467346,1160239,cg14,10.21.0.219,"{'lr': 0.00020463006990544105, 'optimizer': 'adamw', 'momentum': 0.9847222170140727, 'weight_decay': 5.1706663992864336e-05, 'layer_size': 256, 'initial_dropout_rate': 0.44906445341545104, 'max_dropout_rate': 0.5817317574870358, 'batch_size': 64, 'epochs': 200, 'lr_patience': 9, 'lr_factor': 0.10761661990221878}",66.69293427467346,79,"5_batch_size=64,initial_dropout_rate=0.4491,layer_size=256,lr=0.0002,lr_factor=0.1076,lr_patience=9,max_dropout_rate=0.5817,momentum=0.9847,optimizer=adamw,weight_decay=0.0001",81.08108108108108,0.832762078905863,0.8108108108108109,0.8166093293282688
,,,,,,,0.6900078356266022,1747896532,,True,27,973fb_00006,2025-05-22_08-48-52,0.7813169956207275,24.77922749519348,1160238,cg14,10.21.0.219,"{'lr': 0.00014108614338500313, 'optimizer': 'adam', 'momentum': 0.9604038889994435, 'weight_decay': 6.451118233176654e-05, 'layer_size': 800, 'initial_dropout_rate': 0.21377054882232166, 'max_dropout_rate': 0.6582742574762984, 'batch_size': 128, 'epochs': 200, 'lr_patience': 3, 'lr_factor': 0.2408141515689969}",24.77922749519348,27,"6_batch_size=128,initial_dropout_rate=0.2138,layer_size=800,lr=0.0001,lr_factor=0.2408,lr_patience=3,max_dropout_rate=0.6583,momentum=0.9604,optimizer=adam,weight_decay=0.0001",76.90417690417691,0.8045897287450288,0.769041769041769,0.7777495602230331
,,,,,,,0.7690378924210867,1747896567,,True,97,973fb_00007,2025-05-22_08-49-27,0.6588559150695801,60.28435564041138,1160451,cg14,10.21.0.219,"{'lr': 0.0003434054029595888, 'optimizer': 'sgd', 'momentum': 0.9160235924552396, 'weight_decay': 6.916223679263796e-05, 'layer_size': 1024, 'initial_dropout_rate': 0.1688836630461772, 'max_dropout_rate': 0.5486628485182123, 'batch_size': 128, 'epochs': 200, 'lr_patience': 6, 'lr_factor': 0.49210084391492304}",60.28435564041138,97,"7_batch_size=128,initial_dropout_rate=0.1689,layer_size=1024,lr=0.0003,lr_factor=0.4921,lr_patience=6,max_dropout_rate=0.5487,momentum=0.9160,optimizer=sgd,weight_decay=0.0001",70.76167076167076,0.7927726318589007,0.7076167076167076,0.7327543306417769
,,,,,,,0.6739365444296882,1747896577,,True,27,973fb_00008,2025-05-22_08-49-37,2.1019575595855713,45.872649908065796,1160714,cg14,10.21.0.219,"{'lr': 0.00010545220872975454, 'optimizer': 'adam', 'momentum': 0.9080953637926394, 'weight_decay': 0.00018841525364713963, 'layer_size': 736, 'initial_dropout_rate': 0.0957463960244831, 'max_dropout_rate': 0.579620952521268, 'batch_size': 32, 'epochs': 200, 'lr_patience': 3, 'lr_factor': 0.18183592576630409}",45.872649908065796,27,"8_batch_size=32,initial_dropout_rate=0.0957,layer_size=736,lr=0.0001,lr_factor=0.1818,lr_patience=3,max_dropout_rate=0.5796,momentum=0.9081,optimizer=adam,weight_decay=0.0002",80.95823095823096,0.8373637173360554,0.8095823095823096,0.8177245294626232
,,,,,,,0.8593840400377909,1747896551,,True,12,973fb_00009,2025-05-22_08-49-11,0.813953161239624,19.971900463104248,1160713,cg14,10.21.0.219,"{'lr': 0.009633500833094635, 'optimizer': 'adam', 'momentum': 0.9153786080921819, 'weight_decay': 1.8155652895907468e-06, 'layer_size': 352, 'initial_dropout_rate': 0.01686729731000186, 'max_dropout_rate': 0.634043631451203, 'batch_size': 256, 'epochs': 200, 'lr_patience': 4, 'lr_factor': 0.3854875029913378}",19.971900463104248,12,"9_batch_size=256,initial_dropout_rate=0.0169,layer_size=352,lr=0.0096,lr_factor=0.3855,lr_patience=4,max_dropout_rate=0.6340,momentum=0.9154,optimizer=adam,weight_decay=0.0000",79.11547911547912,0.8374700809661695,0.7911547911547911,0.802590582464829
,,,,,,,0.7381698687871298,1747896589,,True,32,973fb_00010,2025-05-22_08-49-49,0.2058417797088623,26.57611107826233,1160973,cg14,10.21.0.219,"{'lr': 0.00021522562831336817, 'optimizer': 'adam', 'momentum': 0.9650370308227463, 'weight_decay': 0.00011134793500788045, 'layer_size': 768, 'initial_dropout_rate': 0.06277172669545206, 'max_dropout_rate': 0.614830505665787, 'batch_size': 256, 'epochs': 200, 'lr_patience': 5, 'lr_factor': 0.2401885095330445}",26.57611107826233,32,"10_batch_size=256,initial_dropout_rate=0.0628,layer_size=768,lr=0.0002,lr_factor=0.2402,lr_patience=5,max_dropout_rate=0.6148,momentum=0.9650,optimizer=adam,weight_decay=0.0001",78.50122850122851,0.8210634082155343,0.785012285012285,0.7929406591446938
10.0,1.7772039916457198,1.7776151157560802,0.0,0.0,0.0,0.0,1.7776151157560802,1747896600,,True,10,973fb_00011,2025-05-22_08-50-00,0.5498764514923096,17.04453158378601,1161150,cg14,10.21.0.219,"{'lr': 1.1300666807807516e-05, 'optimizer': 'adam', 'momentum': 0.8848879730733463, 'weight_decay': 2.242907636089475e-06, 'layer_size': 480, 'initial_dropout_rate': 0.3287987662115515, 'max_dropout_rate': 0.5813612453006428, 'batch_size': 32, 'epochs': 200, 'lr_patience': 9, 'lr_factor': 0.32947904004439577}",17.04453158378601,10,"11_batch_size=32,initial_dropout_rate=0.3288,layer_size=480,lr=0.0000,lr_factor=0.3295,lr_patience=9,max_dropout_rate=0.5814,momentum=0.8849,optimizer=adam,weight_decay=0.0000",,,,
20.0,0.810852744362571,0.887224555015564,0.0,0.0,0.0,0.0,0.887224555015564,1747896621,,True,20,973fb_00012,2025-05-22_08-50-21,1.143322467803955,21.221279621124268,1161307,cg14,10.21.0.219,"{'lr': 0.00018630671061143118, 'optimizer': 'adam', 'momentum': 0.9699925367745308, 'weight_decay': 1.207050294643963e-06, 'layer_size': 768, 'initial_dropout_rate': 0.3875188709126701, 'max_dropout_rate': 0.6228098657762733, 'batch_size': 256, 'epochs': 200, 'lr_patience': 3, 'lr_factor': 0.41241708414013767}",21.221279621124268,20,"12_batch_size=256,initial_dropout_rate=0.3875,layer_size=768,lr=0.0002,lr_factor=0.4124,lr_patience=3,max_dropout_rate=0.6228,momentum=0.9700,optimizer=adam,weight_decay=0.0000",,,,
,,,,,,,0.877433683900606,1747896625,,True,12,973fb_00013,2025-05-22_08-50-25,2.0708518028259277,25.41754412651062,1161444,cg14,10.21.0.219,"{'lr': 0.00849791068527312, 'optimizer': 'adamw', 'momentum': 0.8980509944278049, 'weight_decay': 1.8513456674165925e-06, 'layer_size': 928, 'initial_dropout_rate': 0.16178818116173171, 'max_dropout_rate': 0.6864840549138165, 'batch_size': 32, 'epochs': 200, 'lr_patience': 7, 'lr_factor': 0.32694710954136885}",25.41754412651062,12,"13_batch_size=32,initial_dropout_rate=0.1618,layer_size=928,lr=0.0085,lr_factor=0.3269,lr_patience=7,max_dropout_rate=0.6865,momentum=0.8981,optimizer=adamw,weight_decay=0.0000",77.64127764127764,0.8289172627724762,0.7764127764127764,0.7920667157801712
10.0,1.906912434391859,1.8665205565365879,0.0,0.0,0.0,0.0,1.8665205565365879,1747896617,,True,10,973fb_00014,2025-05-22_08-50-17,0.7779648303985596,16.984374523162842,1161573,cg14,10.21.0.219,"{'lr': 1.2531504995008667e-05, 'optimizer': 'adamw', 'momentum': 0.978793080046861, 'weight_decay': 0.00014533596818960533, 'layer_size': 416, 'initial_dropout_rate': 0.31433497081481804, 'max_dropout_rate': 0.6869889589135875, 'batch_size': 64, 'epochs': 200, 'lr_patience': 6, 'lr_factor': 0.30367812324127486}",16.984374523162842,10,"14_batch_size=64,initial_dropout_rate=0.3143,layer_size=416,lr=0.0000,lr_factor=0.3037,lr_patience=6,max_dropout_rate=0.6870,momentum=0.9788,optimizer=adamw,weight_decay=0.0001",,,,
,,,,,,,0.836649323051626,1747896638,,True,14,973fb_00015,2025-05-22_08-50-38,0.9651038646697998,22.043468713760376,1161758,cg14,10.21.0.219,"{'lr': 0.0017972132060319814, 'optimizer': 'adamw', 'momentum': 0.9119449729657886, 'weight_decay': 1.3107753588478986e-05, 'layer_size': 768, 'initial_dropout_rate': 0.21103427925459406, 'max_dropout_rate': 0.6858782058532572, 'batch_size': 64, 'epochs': 200, 'lr_patience': 6, 'lr_factor': 0.14360862958160336}",22.043468713760376,14,"15_batch_size=64,initial_dropout_rate=0.2110,layer_size=768,lr=0.0018,lr_factor=0.1436,lr_patience=6,max_dropout_rate=0.6859,momentum=0.9119,optimizer=adamw,weight_decay=0.0000",79.97542997542998,0.8350360362307482,0.7997542997542998,0.811747827422884
10.0,1.7610314976085315,1.7804340918858845,0.0,0.0,0.0,0.0,1.7804340918858845,1747896642,,True,10,973fb_00016,2025-05-22_08-50-42,0.9404358863830566,19.221000909805298,1161926,cg14,10.21.0.219,"{'lr': 3.348597101304811e-05, 'optimizer': 'adam', 'momentum': 0.8724002134387524, 'weight_decay': 0.00048526653970663776, 'layer_size': 448, 'initial_dropout_rate': 0.2981713865513117, 'max_dropout_rate': 0.6171001836910726, 'batch_size': 256, 'epochs': 200, 'lr_patience': 6, 'lr_factor': 0.2025028496828284}",19.221000909805298,10,"16_batch_size=256,initial_dropout_rate=0.2982,layer_size=448,lr=0.0000,lr_factor=0.2025,lr_patience=6,max_dropout_rate=0.6171,momentum=0.8724,optimizer=adam,weight_decay=0.0005",,,,
10.0,1.9359752026999868,1.9294398806311868,0.0,0.0,0.0,0.0,1.9294398806311868,1747896664,,True,10,973fb_00017,2025-05-22_08-51-04,1.2000043392181396,15.273493528366089,1162110,cg14,10.21.0.219,"{'lr': 1.2071445899666e-05, 'optimizer': 'sgd', 'momentum': 0.8758391527118357, 'weight_decay': 2.167918436313003e-06, 'layer_size': 640, 'initial_dropout_rate': 0.22155675579080802, 'max_dropout_rate': 0.5776833922845577, 'batch_size': 64, 'epochs': 200, 'lr_patience': 8, 'lr_factor': 0.20194841665146857}",15.273493528366089,10,"17_batch_size=64,initial_dropout_rate=0.2216,layer_size=640,lr=0.0000,lr_factor=0.2019,lr_patience=8,max_dropout_rate=0.5777,momentum=0.8758,optimizer=sgd,weight_decay=0.0000",,,,
,,,,,,,1.9561758041381836,1747896662,,True,10,973fb_00018,2025-05-22_08-51-02,0.7063195705413818,13.459703922271729,1162245,cg14,10.21.0.219,"{'lr': 1.9801173205778956e-05, 'optimizer': 'sgd', 'momentum': 0.8573572288382938, 'weight_decay': 2.0395237059354592e-05, 'layer_size': 224, 'initial_dropout_rate': 0.48023375937299306, 'max_dropout_rate': 0.6337129518018157, 'batch_size': 256, 'epochs': 200, 'lr_patience': 9, 'lr_factor': 0.4897647953769194}",13.459703922271729,10,"18_batch_size=256,initial_dropout_rate=0.4802,layer_size=224,lr=0.0000,lr_factor=0.4898,lr_patience=9,max_dropout_rate=0.6337,momentum=0.8574,optimizer=sgd,weight_decay=0.0000",14.987714987714988,0.24915489789937595,0.14987714987714987,0.1664591200747115
10.0,1.6312659179292075,1.6144593783787318,0.0,0.0,0.0,0.0,1.6144593783787318,1747896670,,True,10,973fb_00019,2025-05-22_08-51-10,0.7108242511749268,20.783827543258667,1162376,cg14,10.21.0.219,"{'lr': 2.6452863046626647e-05, 'optimizer': 'adam', 'momentum': 0.9350908523211995, 'weight_decay': 3.005677217264583e-05, 'layer_size': 576, 'initial_dropout_rate': 0.414042637699534, 'max_dropout_rate': 0.6611602647638527, 'batch_size': 32, 'epochs': 200, 'lr_patience': 8, 'lr_factor': 0.3624721205770529}",20.783827543258667,10,"19_batch_size=32,initial_dropout_rate=0.4140,layer_size=576,lr=0.0000,lr_factor=0.3625,lr_patience=8,max_dropout_rate=0.6612,momentum=0.9351,optimizer=adam,weight_decay=0.0000",,,,
,,,,,,,0.6334561059872309,1747896692,,True,36,973fb_00020,2025-05-22_08-51-32,0.665351152420044,30.48344349861145,1162543,cg14,10.21.0.219,"{'lr': 0.00037454862217031347, 'optimizer': 'adam', 'momentum': 0.97727008193851, 'weight_decay': 1.6955324736740212e-06, 'layer_size': 384, 'initial_dropout_rate': 0.4481117196551123, 'max_dropout_rate': 0.5589366693379159, 'batch_size': 128, 'epochs': 200, 'lr_patience': 4, 'lr_factor': 0.28481021832799797}",30.48344349861145,36,"20_batch_size=128,initial_dropout_rate=0.4481,layer_size=384,lr=0.0004,lr_factor=0.2848,lr_patience=4,max_dropout_rate=0.5589,momentum=0.9773,optimizer=adam,weight_decay=0.0000",79.36117936117935,0.8249494511272473,0.7936117936117936,0.8012636932415359
,,,,,,,0.6195541045495442,1747896700,,True,28,973fb_00021,2025-05-22_08-51-40,0.573965311050415,38.09102702140808,1162680,cg14,10.21.0.219,"{'lr': 0.0002478960889036122, 'optimizer': 'adamw', 'momentum': 0.9659233463577811, 'weight_decay': 1.29470167133742e-05, 'layer_size': 384, 'initial_dropout_rate': 0.4208403316617535, 'max_dropout_rate': 0.6807384547526945, 'batch_size': 32, 'epochs': 200, 'lr_patience': 3, 'lr_factor': 0.38985407700661123}",38.09102702140808,28,"21_batch_size=32,initial_dropout_rate=0.4208,layer_size=384,lr=0.0002,lr_factor=0.3899,lr_patience=3,max_dropout_rate=0.6807,momentum=0.9659,optimizer=adamw,weight_decay=0.0000",77.51842751842752,0.8119014656530085,0.7751842751842751,0.7864274428838874
10.0,1.6824697052560202,1.7341290495612405,0.0,0.0,0.0,0.0,1.7341290495612405,1747896712,,True,10,973fb_00022,2025-05-22_08-51-52,1.4554874897003174,20.623015880584717,1162944,cg14,10.21.0.219,"{'lr': 2.7450809063248065e-05, 'optimizer': 'sgd', 'momentum': 0.9442005272933829, 'weight_decay': 0.00021142482665922711, 'layer_size': 544, 'initial_dropout_rate': 0.0724666246457048, 'max_dropout_rate': 0.670634276030492, 'batch_size': 64, 'epochs': 200, 'lr_patience': 5, 'lr_factor': 0.18222831378847504}",20.623015880584717,10,"22_batch_size=64,initial_dropout_rate=0.0725,layer_size=544,lr=0.0000,lr_factor=0.1822,lr_patience=5,max_dropout_rate=0.6706,momentum=0.9442,optimizer=sgd,weight_decay=0.0002",,,,
,,,,,,,0.8598994775251909,1747896711,,True,9,973fb_00023,2025-05-22_08-51-51,1.2543482780456543,19.608219146728516,1163013,cg14,10.21.0.219,"{'lr': 0.0046885367790031884, 'optimizer': 'sgd', 'momentum': 0.9273521295498857, 'weight_decay': 0.0005589100733419312, 'layer_size': 864, 'initial_dropout_rate': 0.08903857990321873, 'max_dropout_rate': 0.5924497523283428, 'batch_size': 64, 'epochs': 200, 'lr_patience': 3, 'lr_factor': 0.3049601423263508}",19.608219146728516,9,"23_batch_size=64,initial_dropout_rate=0.0890,layer_size=864,lr=0.0047,lr_factor=0.3050,lr_patience=3,max_dropout_rate=0.5924,momentum=0.9274,optimizer=sgd,weight_decay=0.0006",71.007371007371,0.7855807863653493,0.7100737100737101,0.7351637870839355
10.0,1.6993982905433291,1.6604017814000447,0.0,0.0,0.0,0.0,1.6604017814000447,1747896711,,True,10,973fb_00024,2025-05-22_08-51-51,1.177504539489746,18.850355625152588,1163143,cg14,10.21.0.219,"{'lr': 0.00010471855758570201, 'optimizer': 'sgd', 'momentum': 0.8902905451484106, 'weight_decay': 2.0301948997281512e-05, 'layer_size': 960, 'initial_dropout_rate': 0.22222990889742672, 'max_dropout_rate': 0.5897213587849971, 'batch_size': 128, 'epochs': 200, 'lr_patience': 6, 'lr_factor': 0.3696391427233289}",18.850355625152588,10,"24_batch_size=128,initial_dropout_rate=0.2222,layer_size=960,lr=0.0001,lr_factor=0.3696,lr_patience=6,max_dropout_rate=0.5897,momentum=0.8903,optimizer=sgd,weight_decay=0.0000",,,,
,,,,,,,0.6458036154508591,1747896758,,True,27,973fb_00025,2025-05-22_08-52-38,1.4602382183074951,34.99436688423157,1163402,cg14,10.21.0.219,"{'lr': 0.00019836245598018064, 'optimizer': 'adamw', 'momentum': 0.9724953673478893, 'weight_decay': 3.2236535591958446e-05, 'layer_size': 1024, 'initial_dropout_rate': 0.27923425103221683, 'max_dropout_rate': 0.6795025884300356, 'batch_size': 32, 'epochs': 200, 'lr_patience': 5, 'lr_factor': 0.38103385521762134}",34.99436688423157,27,"25_batch_size=32,initial_dropout_rate=0.2792,layer_size=1024,lr=0.0002,lr_factor=0.3810,lr_patience=5,max_dropout_rate=0.6795,momentum=0.9725,optimizer=adamw,weight_decay=0.0000",80.34398034398035,0.8329289196266003,0.8034398034398035,0.8131303412961504
,,,,,,,0.7840440074602762,1747896742,,True,19,973fb_00026,2025-05-22_08-52-22,0.5765347480773926,15.479559898376465,1163533,cg14,10.21.0.219,"{'lr': 0.00610556290315203, 'optimizer': 'adamw', 'momentum': 0.8780751180862899, 'weight_decay': 1.6682456065818812e-06, 'layer_size': 1024, 'initial_dropout_rate': 0.4446053285170645, 'max_dropout_rate': 0.531183837993807, 'batch_size': 128, 'epochs': 200, 'lr_patience': 8, 'lr_factor': 0.38092243025862604}",15.479559898376465,19,"26_batch_size=128,initial_dropout_rate=0.4446,layer_size=1024,lr=0.0061,lr_factor=0.3809,lr_patience=8,max_dropout_rate=0.5312,momentum=0.8781,optimizer=adamw,weight_decay=0.0000",76.04422604422605,0.8160415257579253,0.7604422604422605,0.7787998377588027
20.0,0.28285446017980576,0.8161382187496532,0.0,0.0,0.0,0.0,0.8161382187496532,1747896765,,True,20,973fb_00027,2025-05-22_08-52-45,0.7562940120697021,29.864665269851685,1163827,cg14,10.21.0.219,"{'lr': 0.002648516144235915, 'optimizer': 'adamw', 'momentum': 0.9250836879270457, 'weight_decay': 0.0009202591753134345, 'layer_size': 448, 'initial_dropout_rate': 0.22651666224749206, 'max_dropout_rate': 0.599656113038578, 'batch_size': 64, 'epochs': 200, 'lr_patience': 7, 'lr_factor': 0.4813882042633325}",29.864665269851685,20,"27_batch_size=64,initial_dropout_rate=0.2265,layer_size=448,lr=0.0026,lr_factor=0.4814,lr_patience=7,max_dropout_rate=0.5997,momentum=0.9251,optimizer=adamw,weight_decay=0.0009",,,,
10.0,1.5367978113453562,1.512063673564366,0.0,0.0,0.0,0.0,1.512063673564366,1747896758,,True,10,973fb_00028,2025-05-22_08-52-38,1.0154521465301514,22.736433744430542,1163826,cg14,10.21.0.219,"{'lr': 6.078867796588243e-05, 'optimizer': 'sgd', 'momentum': 0.966105466386882, 'weight_decay': 4.961936824685801e-06, 'layer_size': 992, 'initial_dropout_rate': 0.4756633578380415, 'max_dropout_rate': 0.5601140856545849, 'batch_size': 32, 'epochs': 200, 'lr_patience': 3, 'lr_factor': 0.31867034591384436}",22.736433744430542,10,"28_batch_size=32,initial_dropout_rate=0.4757,layer_size=992,lr=0.0001,lr_factor=0.3187,lr_patience=3,max_dropout_rate=0.5601,momentum=0.9661,optimizer=sgd,weight_decay=0.0000",,,,
,,,,,,,0.6695935021747242,1747896767,,True,22,973fb_00029,2025-05-22_08-52-47,0.9235215187072754,31.844030380249023,1163952,cg14,10.21.0.219,"{'lr': 0.0007317734275410607, 'optimizer': 'adam', 'momentum': 0.9347519779279555, 'weight_decay': 0.00013719483937901973, 'layer_size': 576, 'initial_dropout_rate': 0.4318689874965204, 'max_dropout_rate': 0.6939881546566997, 'batch_size': 64, 'epochs': 200, 'lr_patience': 9, 'lr_factor': 0.1763297028225703}",31.844030380249023,22,"29_batch_size=64,initial_dropout_rate=0.4319,layer_size=576,lr=0.0007,lr_factor=0.1763,lr_patience=9,max_dropout_rate=0.6940,momentum=0.9348,optimizer=adam,weight_decay=0.0001",78.25552825552825,0.8258070574827381,0.7825552825552825,0.7965117317476063
10.0,1.4850732521577314,1.4742997487386067,0.0,0.0,0.0,0.0,1.4742997487386067,1747896785,,True,10,973fb_00030,2025-05-22_08-53-05,0.1448805332183838,9.89954137802124,1164197,cg14,10.21.0.219,"{'lr': 0.0002797247828615817, 'optimizer': 'adam', 'momentum': 0.9505756314535032, 'weight_decay': 0.00022299198479999076, 'layer_size': 288, 'initial_dropout_rate': 0.4205084236649944, 'max_dropout_rate': 0.6272781461014887, 'batch_size': 256, 'epochs': 200, 'lr_patience': 7, 'lr_factor': 0.3077104771793777}",9.89954137802124,10,"30_batch_size=256,initial_dropout_rate=0.4205,layer_size=288,lr=0.0003,lr_factor=0.3077,lr_patience=7,max_dropout_rate=0.6273,momentum=0.9506,optimizer=adam,weight_decay=0.0002",,,,
,,,,,,,0.7972287379560017,1747896818,,True,17,973fb_00031,2025-05-22_08-53-38,1.159182071685791,32.50869011878967,1164420,cg14,10.21.0.219,"{'lr': 0.0012663991937337557, 'optimizer': 'sgd', 'momentum': 0.9453404926497906, 'weight_decay': 2.1217867330015672e-06, 'layer_size': 736, 'initial_dropout_rate': 0.19161222023973762, 'max_dropout_rate': 0.6164815202331991, 'batch_size': 32, 'epochs': 200, 'lr_patience': 5, 'lr_factor': 0.3890895124854167}",32.50869011878967,17,"31_batch_size=32,initial_dropout_rate=0.1916,layer_size=736,lr=0.0013,lr_factor=0.3891,lr_patience=5,max_dropout_rate=0.6165,momentum=0.9453,optimizer=sgd,weight_decay=0.0000",74.07862407862407,0.7979315934794833,0.7407862407862408,0.7596099743287323
20.0,0.5624022696699414,0.8421890189250311,0.0,0.0,0.0,0.0,0.8421890189250311,1747896809,,True,20,973fb_00032,2025-05-22_08-53-29,0.5360431671142578,23.71758198738098,1164419,cg14,10.21.0.219,"{'lr': 0.00944547413840273, 'optimizer': 'adam', 'momentum': 0.9577121021966597, 'weight_decay': 0.0008996868727093653, 'layer_size': 544, 'initial_dropout_rate': 0.07916757183423967, 'max_dropout_rate': 0.5221218154257408, 'batch_size': 128, 'epochs': 200, 'lr_patience': 9, 'lr_factor': 0.1423978257049351}",23.71758198738098,20,"32_batch_size=128,initial_dropout_rate=0.0792,layer_size=544,lr=0.0094,lr_factor=0.1424,lr_patience=9,max_dropout_rate=0.5221,momentum=0.9577,optimizer=adam,weight_decay=0.0009",,,,
10.0,1.695970067163793,1.7329805764285,0.0,0.0,0.0,0.0,1.7329805764285,1747896803,,True,10,973fb_00033,2025-05-22_08-53-23,0.7456891536712646,17.59990906715393,1164639,cg14,10.21.0.219,"{'lr': 3.8443969967279366e-05, 'optimizer': 'sgd', 'momentum': 0.9437537044261404, 'weight_decay': 4.453079515231533e-05, 'layer_size': 288, 'initial_dropout_rate': 0.07343210484729523, 'max_dropout_rate': 0.5344259162089765, 'batch_size': 64, 'epochs': 200, 'lr_patience': 5, 'lr_factor': 0.4158227624512587}",17.59990906715393,10,"33_batch_size=64,initial_dropout_rate=0.0734,layer_size=288,lr=0.0000,lr_factor=0.4158,lr_patience=5,max_dropout_rate=0.5344,momentum=0.9438,optimizer=sgd,weight_decay=0.0000",,,,
10.0,1.63812374632533,1.6291522071475075,0.0,0.0,0.0,0.0,1.6291522071475075,1747896809,,True,10,973fb_00034,2025-05-22_08-53-29,1.2399449348449707,23.625545263290405,1164647,cg14,10.21.0.219,"{'lr': 1.0323060094262182e-05, 'optimizer': 'adam', 'momentum': 0.9683247630643212, 'weight_decay': 7.874244021851128e-06, 'layer_size': 640, 'initial_dropout_rate': 0.1795724900368853, 'max_dropout_rate': 0.6995361002702817, 'batch_size': 32, 'epochs': 200, 'lr_patience': 7, 'lr_factor': 0.24049330065889696}",23.625545263290405,10,"34_batch_size=32,initial_dropout_rate=0.1796,layer_size=640,lr=0.0000,lr_factor=0.2405,lr_patience=7,max_dropout_rate=0.6995,momentum=0.9683,optimizer=adam,weight_decay=0.0000",,,,
,,,,,,,0.6973764499028524,1747896832,,True,28,973fb_00035,2025-05-22_08-53-52,0.22961115837097168,18.253557682037354,1164909,cg14,10.21.0.219,"{'lr': 0.00020268259872129746, 'optimizer': 'adamw', 'momentum': 0.9361156709795644, 'weight_decay': 5.401047368002702e-05, 'layer_size': 928, 'initial_dropout_rate': 0.21940202669544678, 'max_dropout_rate': 0.5557635047724214, 'batch_size': 256, 'epochs': 200, 'lr_patience': 3, 'lr_factor': 0.11224648269348397}",18.253557682037354,28,"35_batch_size=256,initial_dropout_rate=0.2194,layer_size=928,lr=0.0002,lr_factor=0.1122,lr_patience=3,max_dropout_rate=0.5558,momentum=0.9361,optimizer=adamw,weight_decay=0.0001",77.39557739557739,0.8184336898985844,0.773955773955774,0.7875111387378345
20.0,0.7530874907970428,0.8276159777527764,0.0,0.0,0.0,0.0,0.8276159777527764,1747896867,,True,20,973fb_00036,2025-05-22_08-54-27,0.50848388671875,32.4668333530426,1165085,cg14,10.21.0.219,"{'lr': 7.357905510636697e-05, 'optimizer': 'adamw', 'momentum': 0.9254727049056246, 'weight_decay': 5.2269824993363626e-05, 'layer_size': 544, 'initial_dropout_rate': 0.20724489058279322, 'max_dropout_rate': 0.5986239069073385, 'batch_size': 32, 'epochs': 200, 'lr_patience': 6, 'lr_factor': 0.12424282187924462}",32.4668333530426,20,"36_batch_size=32,initial_dropout_rate=0.2072,layer_size=544,lr=0.0001,lr_factor=0.1242,lr_patience=6,max_dropout_rate=0.5986,momentum=0.9255,optimizer=adamw,weight_decay=0.0001",,,,
,,,,,,,0.6851800481478373,1747896851,,True,13,973fb_00037,2025-05-22_08-54-11,0.8048825263977051,16.768890380859375,1165273,cg14,10.21.0.219,"{'lr': 0.001991532813045515, 'optimizer': 'adam', 'momentum': 0.8529883180605699, 'weight_decay': 0.0004296131566541925, 'layer_size': 800, 'initial_dropout_rate': 0.2651385687041354, 'max_dropout_rate': 0.5544225517942135, 'batch_size': 256, 'epochs': 200, 'lr_patience': 3, 'lr_factor': 0.45924166832982716}",16.768890380859375,13,"37_batch_size=256,initial_dropout_rate=0.2651,layer_size=800,lr=0.0020,lr_factor=0.4592,lr_patience=3,max_dropout_rate=0.5544,momentum=0.8530,optimizer=adam,weight_decay=0.0004",79.48402948402948,0.8321147958484675,0.7948402948402948,0.8064945920348635
10.0,1.436411825093356,1.4707672595977783,0.0,0.0,0.0,0.0,1.4707672595977783,1747896849,,True,10,973fb_00038,2025-05-22_08-54-09,0.39029979705810547,14.555093765258789,1165340,cg14,10.21.0.219,"{'lr': 0.0002223011039533981, 'optimizer': 'sgd', 'momentum': 0.9719388480140291, 'weight_decay': 9.208859574845807e-06, 'layer_size': 832, 'initial_dropout_rate': 0.15721706351113757, 'max_dropout_rate': 0.5482738929513019, 'batch_size': 256, 'epochs': 200, 'lr_patience': 8, 'lr_factor': 0.4032888714208136}",14.555093765258789,10,"38_batch_size=256,initial_dropout_rate=0.1572,layer_size=832,lr=0.0002,lr_factor=0.4033,lr_patience=8,max_dropout_rate=0.5483,momentum=0.9719,optimizer=sgd,weight_decay=0.0000",,,,
10.0,1.4220212290926677,1.3886427120728926,0.0,0.0,0.0,0.0,1.3886427120728926,1747896860,,True,10,973fb_00039,2025-05-22_08-54-20,0.570493221282959,18.41630721092224,1165500,cg14,10.21.0.219,"{'lr': 0.0027407526893640484, 'optimizer': 'sgd', 'momentum': 0.8645334959695867, 'weight_decay': 7.471419451345985e-05, 'layer_size': 160, 'initial_dropout_rate': 0.4641178118939196, 'max_dropout_rate': 0.6700787011778757, 'batch_size': 64, 'epochs': 200, 'lr_patience': 9, 'lr_factor': 0.38618071538593657}",18.41630721092224,10,"39_batch_size=64,initial_dropout_rate=0.4641,layer_size=160,lr=0.0027,lr_factor=0.3862,lr_patience=9,max_dropout_rate=0.6701,momentum=0.8645,optimizer=sgd,weight_decay=0.0001",,,,
10.0,1.8925487995147705,1.8904728094736736,0.0,0.0,0.0,0.0,1.8904728094736736,1747896878,,True,10,973fb_00040,2025-05-22_08-54-38,0.21634840965270996,13.777666807174683,1165687,cg14,10.21.0.219,"{'lr': 1.1601570016088309e-05, 'optimizer': 'adamw', 'momentum': 0.9760472926203909, 'weight_decay': 4.7735088923009734e-06, 'layer_size': 608, 'initial_dropout_rate': 0.36028640314907734, 'max_dropout_rate': 0.5824237213740667, 'batch_size': 256, 'epochs': 200, 'lr_patience': 8, 'lr_factor': 0.45740500088944214}",13.777666807174683,10,"40_batch_size=256,initial_dropout_rate=0.3603,layer_size=608,lr=0.0000,lr_factor=0.4574,lr_patience=8,max_dropout_rate=0.5824,momentum=0.9760,optimizer=adamw,weight_decay=0.0000",,,,
20.0,0.6136276451024142,0.813977857430776,0.0,0.0,0.0,0.0,0.813977857430776,1747896898,,True,20,973fb_00041,2025-05-22_08-54-58,0.4320080280303955,19.463429927825928,1165857,cg14,10.21.0.219,"{'lr': 0.00014159032815120508, 'optimizer': 'adam', 'momentum': 0.9561028868636539, 'weight_decay': 0.0006516336030937509, 'layer_size': 608, 'initial_dropout_rate': 0.0359436315845969, 'max_dropout_rate': 0.6811772194102093, 'batch_size': 256, 'epochs': 200, 'lr_patience': 6, 'lr_factor': 0.23966246846810868}",19.463429927825928,20,"41_batch_size=256,initial_dropout_rate=0.0359,layer_size=608,lr=0.0001,lr_factor=0.2397,lr_patience=6,max_dropout_rate=0.6812,momentum=0.9561,optimizer=adam,weight_decay=0.0007",,,,
10.0,1.675036907196045,1.705558141072591,0.0,0.0,0.0,0.0,1.705558141072591,1747896892,,True,10,973fb_00042,2025-05-22_08-54-52,0.3517875671386719,13.75475811958313,1165856,cg14,10.21.0.219,"{'lr': 0.0006934400271529838, 'optimizer': 'sgd', 'momentum': 0.9030227285706915, 'weight_decay': 0.00088916144842283, 'layer_size': 416, 'initial_dropout_rate': 0.3343949232682201, 'max_dropout_rate': 0.6657704440700586, 'batch_size': 256, 'epochs': 200, 'lr_patience': 7, 'lr_factor': 0.15813181407053534}",13.75475811958313,10,"42_batch_size=256,initial_dropout_rate=0.3344,layer_size=416,lr=0.0007,lr_factor=0.1581,lr_patience=7,max_dropout_rate=0.6658,momentum=0.9030,optimizer=sgd,weight_decay=0.0009",,,,
,,,,,,,0.6670415316309247,1747896932,,True,35,973fb_00043,2025-05-22_08-55-32,1.165801763534546,46.77998423576355,1166153,cg14,10.21.0.219,"{'lr': 8.017015999354318e-05, 'optimizer': 'adamw', 'momentum': 0.9520367880049395, 'weight_decay': 0.000944365046577169, 'layer_size': 928, 'initial_dropout_rate': 0.1645454550527934, 'max_dropout_rate': 0.557752038981933, 'batch_size': 32, 'epochs': 200, 'lr_patience': 8, 'lr_factor': 0.2798257084056075}",46.77998423576355,35,"43_batch_size=32,initial_dropout_rate=0.1645,layer_size=928,lr=0.0001,lr_factor=0.2798,lr_patience=8,max_dropout_rate=0.5578,momentum=0.9520,optimizer=adamw,weight_decay=0.0009",78.13267813267814,0.825017925965675,0.7813267813267813,0.7922665086078112
,,,,,,,0.8052254120508829,1747896912,,True,20,973fb_00044,2025-05-22_08-55-12,0.5527057647705078,23.124960899353027,1166293,cg14,10.21.0.219,"{'lr': 0.009205933789792098, 'optimizer': 'adam', 'momentum': 0.9718391402518736, 'weight_decay': 0.0007147809445036078, 'layer_size': 576, 'initial_dropout_rate': 0.4078486911725495, 'max_dropout_rate': 0.5164962186212698, 'batch_size': 128, 'epochs': 200, 'lr_patience': 8, 'lr_factor': 0.27606266729534445}",23.124960899353027,20,"44_batch_size=128,initial_dropout_rate=0.4078,layer_size=576,lr=0.0092,lr_factor=0.2761,lr_patience=8,max_dropout_rate=0.5165,momentum=0.9718,optimizer=adam,weight_decay=0.0007",69.4103194103194,0.7988781669249392,0.6941031941031941,0.7303204564963602
10.0,1.6029949982961018,1.5802355408668518,0.0,0.0,0.0,0.0,1.5802355408668518,1747896926,,True,10,973fb_00045,2025-05-22_08-55-26,0.4608025550842285,17.940653324127197,1166462,cg14,10.21.0.219,"{'lr': 5.160793552256037e-05, 'optimizer': 'adam', 'momentum': 0.8763717906170061, 'weight_decay': 0.00039178020993619966, 'layer_size': 576, 'initial_dropout_rate': 0.3878484513474308, 'max_dropout_rate': 0.6784177777670322, 'batch_size': 128, 'epochs': 200, 'lr_patience': 3, 'lr_factor': 0.2082496115683572}",17.940653324127197,10,"45_batch_size=128,initial_dropout_rate=0.3878,layer_size=576,lr=0.0001,lr_factor=0.2082,lr_patience=3,max_dropout_rate=0.6784,momentum=0.8764,optimizer=adam,weight_decay=0.0004",,,,
,,,,,,,0.7689424277771086,1747896949,,True,12,973fb_00046,2025-05-22_08-55-49,1.5549304485321045,25.343053579330444,1166636,cg14,10.21.0.219,"{'lr': 0.002656467744685142, 'optimizer': 'adamw', 'momentum': 0.9866313607674148, 'weight_decay': 1.3254377123234845e-06, 'layer_size': 768, 'initial_dropout_rate': 0.37066649328278056, 'max_dropout_rate': 0.6463851868663266, 'batch_size': 32, 'epochs': 200, 'lr_patience': 4, 'lr_factor': 0.24871225429953686}",25.343053579330444,12,"46_batch_size=32,initial_dropout_rate=0.3707,layer_size=768,lr=0.0027,lr_factor=0.2487,lr_patience=4,max_dropout_rate=0.6464,momentum=0.9866,optimizer=adamw,weight_decay=0.0000",73.71007371007371,0.8195918473270147,0.7371007371007371,0.7654143724932992
10.0,1.4048440129291722,1.446648773692903,0.0,0.0,0.0,0.0,1.446648773692903,1747896947,,True,10,973fb_00047,2025-05-22_08-55-47,0.9335107803344727,23.457810878753662,1166767,cg14,10.21.0.219,"{'lr': 2.1646695521070448e-05, 'optimizer': 'adam', 'momentum': 0.9845874226806313, 'weight_decay': 0.0006131146654547007, 'layer_size': 608, 'initial_dropout_rate': 0.1392837548448142, 'max_dropout_rate': 0.5510838982129495, 'batch_size': 32, 'epochs': 200, 'lr_patience': 4, 'lr_factor': 0.29491718856341054}",23.457810878753662,10,"47_batch_size=32,initial_dropout_rate=0.1393,layer_size=608,lr=0.0000,lr_factor=0.2949,lr_patience=4,max_dropout_rate=0.5511,momentum=0.9846,optimizer=adam,weight_decay=0.0006",,,,
20.0,0.6850770002319699,0.8568883339564005,0.0,0.0,0.0,0.0,0.8568883339564005,1747896962,,True,20,973fb_00048,2025-05-22_08-56-02,0.27233147621154785,20.94000554084778,1167729,cg14,10.21.0.219,"{'lr': 0.001639466396654081, 'optimizer': 'sgd', 'momentum': 0.9087676414336662, 'weight_decay': 0.00019921480172926083, 'layer_size': 992, 'initial_dropout_rate': 0.25428130159273205, 'max_dropout_rate': 0.6434601613084117, 'batch_size': 128, 'epochs': 200, 'lr_patience': 5, 'lr_factor': 0.3949542951226641}",20.94000554084778,20,"48_batch_size=128,initial_dropout_rate=0.2543,layer_size=992,lr=0.0016,lr_factor=0.3950,lr_patience=5,max_dropout_rate=0.6435,momentum=0.9088,optimizer=sgd,weight_decay=0.0002",,,,
,,,,,,,0.7046432693799337,1747896975,,True,20,973fb_00049,2025-05-22_08-56-15,0.5075168609619141,18.853386163711548,1167894,cg14,10.21.0.219,"{'lr': 0.0018434281575505091, 'optimizer': 'adamw', 'momentum': 0.9494630899366471, 'weight_decay': 2.0434752101582545e-05, 'layer_size': 512, 'initial_dropout_rate': 0.37184673306231003, 'max_dropout_rate': 0.535515342630625, 'batch_size': 256, 'epochs': 200, 'lr_patience': 6, 'lr_factor': 0.24629966929925484}",18.853386163711548,20,"49_batch_size=256,initial_dropout_rate=0.3718,layer_size=512,lr=0.0018,lr_factor=0.2463,lr_patience=6,max_dropout_rate=0.5355,momentum=0.9495,optimizer=adamw,weight_decay=0.0000",79.60687960687962,0.8393118997470845,0.7960687960687961,0.8100416924442373
10.0,1.2108350039982214,1.2253240715889704,0.0,0.0,0.0,0.0,1.2253240715889704,1747896976,,True,10,973fb_00050,2025-05-22_08-56-16,1.0391263961791992,17.391931295394897,1168034,cg14,10.21.0.219,"{'lr': 0.00012032778295889454, 'optimizer': 'adamw', 'momentum': 0.9075487277294598, 'weight_decay': 4.911231639191155e-05, 'layer_size': 160, 'initial_dropout_rate': 0.03897490827609257, 'max_dropout_rate': 0.6287320533300156, 'batch_size': 32, 'epochs': 200, 'lr_patience': 5, 'lr_factor': 0.15828423933612581}",17.391931295394897,10,"50_batch_size=32,initial_dropout_rate=0.0390,layer_size=160,lr=0.0001,lr_factor=0.1583,lr_patience=5,max_dropout_rate=0.6287,momentum=0.9075,optimizer=adamw,weight_decay=0.0000",,,,
10.0,1.3848945877768777,1.459338665008545,0.0,0.0,0.0,0.0,1.459338665008545,1747896992,,True,10,973fb_00051,2025-05-22_08-56-32,0.42948269844055176,16.548294067382812,1168264,cg14,10.21.0.219,"{'lr': 2.576152465733353e-05, 'optimizer': 'adamw', 'momentum': 0.8605791662563753, 'weight_decay': 7.405486892210672e-05, 'layer_size': 896, 'initial_dropout_rate': 0.03719010246318377, 'max_dropout_rate': 0.678673829321822, 'batch_size': 256, 'epochs': 200, 'lr_patience': 3, 'lr_factor': 0.1572263997622142}",16.548294067382812,10,"51_batch_size=256,initial_dropout_rate=0.0372,layer_size=896,lr=0.0000,lr_factor=0.1572,lr_patience=3,max_dropout_rate=0.6787,momentum=0.8606,optimizer=adamw,weight_decay=0.0001",,,,
,,,,,,,1.00033704439799,1747896997,,True,17,973fb_00052,2025-05-22_08-56-37,0.7315294742584229,21.606576681137085,1168335,cg14,10.21.0.219,"{'lr': 0.002583314748007663, 'optimizer': 'adamw', 'momentum': 0.9556525114136659, 'weight_decay': 4.803202614841302e-06, 'layer_size': 736, 'initial_dropout_rate': 0.05917003372438123, 'max_dropout_rate': 0.6954002711987015, 'batch_size': 128, 'epochs': 200, 'lr_patience': 6, 'lr_factor': 0.29878951816238264}",21.606576681137085,17,"52_batch_size=128,initial_dropout_rate=0.0592,layer_size=736,lr=0.0026,lr_factor=0.2988,lr_patience=6,max_dropout_rate=0.6954,momentum=0.9557,optimizer=adamw,weight_decay=0.0000",79.72972972972973,0.827201805853479,0.7972972972972973,0.8082155219204435
10.0,1.342948731921968,1.3411328196525574,0.0,0.0,0.0,0.0,1.3411328196525574,1747897007,,True,10,973fb_00053,2025-05-22_08-56-47,0.3539290428161621,17.779969692230225,1168509,cg14,10.21.0.219,"{'lr': 0.00012101959367288901, 'optimizer': 'adamw', 'momentum': 0.8647806229711447, 'weight_decay': 0.0009795659679898779, 'layer_size': 576, 'initial_dropout_rate': 0.37545801487505276, 'max_dropout_rate': 0.5878806103337538, 'batch_size': 128, 'epochs': 200, 'lr_patience': 9, 'lr_factor': 0.13654728373738015}",17.779969692230225,10,"53_batch_size=128,initial_dropout_rate=0.3755,layer_size=576,lr=0.0001,lr_factor=0.1365,lr_patience=9,max_dropout_rate=0.5879,momentum=0.8648,optimizer=adamw,weight_decay=0.0010",,,,
,,,,,,,0.7000425512140448,1747897028,,True,24,973fb_00054,2025-05-22_08-57-08,0.4657630920410156,25.183191776275635,1168784,cg14,10.21.0.219,"{'lr': 0.0012406749849714557, 'optimizer': 'adam', 'momentum': 0.9605332039719967, 'weight_decay': 4.302650821218534e-05, 'layer_size': 128, 'initial_dropout_rate': 0.025861592168861747, 'max_dropout_rate': 0.6847435240914952, 'batch_size': 64, 'epochs': 200, 'lr_patience': 8, 'lr_factor': 0.3117099471316119}",25.183191776275635,24,"54_batch_size=64,initial_dropout_rate=0.0259,layer_size=128,lr=0.0012,lr_factor=0.3117,lr_patience=8,max_dropout_rate=0.6847,momentum=0.9605,optimizer=adam,weight_decay=0.0000",83.16953316953317,0.842968444342912,0.8316953316953317,0.835582288751256
10.0,1.9822315530079166,1.9132043448361484,0.0,0.0,0.0,0.0,1.9132043448361484,1747897019,,True,10,973fb_00055,2025-05-22_08-56-59,0.46824121475219727,16.560668230056763,1168785,cg14,10.21.0.219,"{'lr': 1.0878921411218324e-05, 'optimizer': 'sgd', 'momentum': 0.8854741099314888, 'weight_decay': 0.0007371282137440374, 'layer_size': 160, 'initial_dropout_rate': 0.41448520391386623, 'max_dropout_rate': 0.5372469537865143, 'batch_size': 64, 'epochs': 200, 'lr_patience': 7, 'lr_factor': 0.42398199539469084}",16.560668230056763,10,"55_batch_size=64,initial_dropout_rate=0.4145,layer_size=160,lr=0.0000,lr_factor=0.4240,lr_patience=7,max_dropout_rate=0.5372,momentum=0.8855,optimizer=sgd,weight_decay=0.0007",,,,
,,,,,,,0.8344267010688782,1747897037,,True,10,973fb_00056,2025-05-22_08-57-17,0.4176301956176758,17.470004558563232,1169029,cg14,10.21.0.219,"{'lr': 0.005728590713293809, 'optimizer': 'adamw', 'momentum': 0.852955625257117, 'weight_decay': 2.7976876093028623e-05, 'layer_size': 832, 'initial_dropout_rate': 0.01586443408241922, 'max_dropout_rate': 0.6315312178779893, 'batch_size': 256, 'epochs': 200, 'lr_patience': 3, 'lr_factor': 0.4157848246406388}",17.470004558563232,10,"56_batch_size=256,initial_dropout_rate=0.0159,layer_size=832,lr=0.0057,lr_factor=0.4158,lr_patience=3,max_dropout_rate=0.6315,momentum=0.8530,optimizer=adamw,weight_decay=0.0000",81.08108108108108,0.8271056330513146,0.8108108108108109,0.8142470774403529
10.0,1.753249582790193,1.7109506924947102,0.0,0.0,0.0,0.0,1.7109506924947102,1747897038,,True,10,973fb_00057,2025-05-22_08-57-18,0.2192697525024414,17.815260648727417,1169155,cg14,10.21.0.219,"{'lr': 2.0385982268585754e-05, 'optimizer': 'adam', 'momentum': 0.984010016980877, 'weight_decay': 5.778014262579717e-06, 'layer_size': 512, 'initial_dropout_rate': 0.25259947253072507, 'max_dropout_rate': 0.6476276235103807, 'batch_size': 128, 'epochs': 200, 'lr_patience': 5, 'lr_factor': 0.4187291385040368}",17.815260648727417,10,"57_batch_size=128,initial_dropout_rate=0.2526,layer_size=512,lr=0.0000,lr_factor=0.4187,lr_patience=5,max_dropout_rate=0.6476,momentum=0.9840,optimizer=adam,weight_decay=0.0000",,,,
10.0,1.3148588647202748,1.40587165809813,0.0,0.0,0.0,0.0,1.40587165809813,1747897054,,True,10,973fb_00058,2025-05-22_08-57-34,0.8181567192077637,21.308176040649414,1169331,cg14,10.21.0.219,"{'lr': 1.1307937365323154e-05, 'optimizer': 'adamw', 'momentum': 0.9224734529438839, 'weight_decay': 0.00042037004649310466, 'layer_size': 832, 'initial_dropout_rate': 0.01911596431265966, 'max_dropout_rate': 0.5349200418092782, 'batch_size': 32, 'epochs': 200, 'lr_patience': 6, 'lr_factor': 0.49330939833189}",21.308176040649414,10,"58_batch_size=32,initial_dropout_rate=0.0191,layer_size=832,lr=0.0000,lr_factor=0.4933,lr_patience=6,max_dropout_rate=0.5349,momentum=0.9225,optimizer=adamw,weight_decay=0.0004",,,,
20.0,0.5395204793839228,0.790656844774882,0.0,0.0,0.0,0.0,0.790656844774882,1747897067,,True,20,973fb_00059,2025-05-22_08-57-47,0.6232473850250244,18.698755025863647,1169492,cg14,10.21.0.219,"{'lr': 0.00019984065382046197, 'optimizer': 'adam', 'momentum': 0.9579966522275103, 'weight_decay': 1.9141250652870288e-05, 'layer_size': 352, 'initial_dropout_rate': 0.0533155280926928, 'max_dropout_rate': 0.6222216278264103, 'batch_size': 128, 'epochs': 200, 'lr_patience': 7, 'lr_factor': 0.3901741143543639}",18.698755025863647,20,"59_batch_size=128,initial_dropout_rate=0.0533,layer_size=352,lr=0.0002,lr_factor=0.3902,lr_patience=7,max_dropout_rate=0.6222,momentum=0.9580,optimizer=adam,weight_decay=0.0000",,,,
10.0,1.3108839080447243,1.3742355704307556,0.0,0.0,0.0,0.0,1.3742355704307556,1747897074,,True,10,973fb_00060,2025-05-22_08-57-54,0.45420193672180176,17.852684497833252,1169645,cg14,10.21.0.219,"{'lr': 0.00037150720740377946, 'optimizer': 'sgd', 'momentum': 0.9390375941876837, 'weight_decay': 3.0637769173707025e-05, 'layer_size': 512, 'initial_dropout_rate': 0.12674226626101381, 'max_dropout_rate': 0.5841201106765781, 'batch_size': 128, 'epochs': 200, 'lr_patience': 8, 'lr_factor': 0.18744268977242165}",17.852684497833252,10,"60_batch_size=128,initial_dropout_rate=0.1267,layer_size=512,lr=0.0004,lr_factor=0.1874,lr_patience=8,max_dropout_rate=0.5841,momentum=0.9390,optimizer=sgd,weight_decay=0.0000",,,,
,,,,,,,0.7884844750875518,1747897096,,True,23,973fb_00061,2025-05-22_08-58-16,0.8935127258300781,32.974886417388916,1169881,cg14,10.21.0.219,"{'lr': 0.0011811893877280034, 'optimizer': 'adamw', 'momentum': 0.9866820990735754, 'weight_decay': 1.1386011469904743e-06, 'layer_size': 832, 'initial_dropout_rate': 0.12989744514300489, 'max_dropout_rate': 0.6154714989345103, 'batch_size': 32, 'epochs': 200, 'lr_patience': 7, 'lr_factor': 0.4734862189610981}",32.974886417388916,23,"61_batch_size=32,initial_dropout_rate=0.1299,layer_size=832,lr=0.0012,lr_factor=0.4735,lr_patience=7,max_dropout_rate=0.6155,momentum=0.9867,optimizer=adamw,weight_decay=0.0000",82.55528255528255,0.8270104049633938,0.8255528255528255,0.8250570560230474
10.0,1.7527818505356951,1.7177623943849043,0.0,0.0,0.0,0.0,1.7177623943849043,1747897082,,True,10,973fb_00062,2025-05-22_08-58-02,0.6488308906555176,19.49212074279785,1169882,cg14,10.21.0.219,"{'lr': 6.318502293322445e-05, 'optimizer': 'adam', 'momentum': 0.8770347259451144, 'weight_decay': 1.614537381374736e-06, 'layer_size': 288, 'initial_dropout_rate': 0.4678001812597434, 'max_dropout_rate': 0.6724647682175453, 'batch_size': 64, 'epochs': 200, 'lr_patience': 8, 'lr_factor': 0.1311771231809914}",19.49212074279785,10,"62_batch_size=64,initial_dropout_rate=0.4678,layer_size=288,lr=0.0001,lr_factor=0.1312,lr_patience=8,max_dropout_rate=0.6725,momentum=0.8770,optimizer=adam,weight_decay=0.0000",,,,
,,,,,,,0.604414701461792,1747897108,,True,28,973fb_00063,2025-05-22_08-58-28,0.42432522773742676,22.514754056930542,1170120,cg14,10.21.0.219,"{'lr': 0.001104780306194188, 'optimizer': 'adam', 'momentum': 0.8960752138976108, 'weight_decay': 0.00011665874226747035, 'layer_size': 352, 'initial_dropout_rate': 0.29025317850020865, 'max_dropout_rate': 0.5492514333416684, 'batch_size': 256, 'epochs': 200, 'lr_patience': 7, 'lr_factor': 0.4773163188103148}",22.514754056930542,28,"63_batch_size=256,initial_dropout_rate=0.2903,layer_size=352,lr=0.0011,lr_factor=0.4773,lr_patience=7,max_dropout_rate=0.5493,momentum=0.8961,optimizer=adam,weight_decay=0.0001",78.86977886977887,0.8298056879765039,0.7886977886977887,0.8012520179810693
10.0,1.340968512353443,1.377001424630483,0.0,0.0,0.0,0.0,1.377001424630483,1747897115,,True,10,973fb_00064,2025-05-22_08-58-35,0.3641231060028076,19.239362478256226,1170290,cg14,10.21.0.219,"{'lr': 0.00027998906472376006, 'optimizer': 'adam', 'momentum': 0.9701223445029259, 'weight_decay': 5.318501812006038e-06, 'layer_size': 160, 'initial_dropout_rate': 0.2151840659601144, 'max_dropout_rate': 0.6113170449288043, 'batch_size': 128, 'epochs': 200, 'lr_patience': 8, 'lr_factor': 0.430988375484202}",19.239362478256226,10,"64_batch_size=128,initial_dropout_rate=0.2152,layer_size=160,lr=0.0003,lr_factor=0.4310,lr_patience=8,max_dropout_rate=0.6113,momentum=0.9701,optimizer=adam,weight_decay=0.0000",,,,
10.0,1.4073958613655784,1.4487719535827637,0.0,0.0,0.0,0.0,1.4487719535827637,1747897118,,True,10,973fb_00065,2025-05-22_08-58-38,0.4640083312988281,15.39437460899353,1170426,cg14,10.21.0.219,"{'lr': 0.0006259281108107756, 'optimizer': 'sgd', 'momentum': 0.9065203494720597, 'weight_decay': 3.069956677387275e-06, 'layer_size': 768, 'initial_dropout_rate': 0.13880941977147615, 'max_dropout_rate': 0.580748083223738, 'batch_size': 256, 'epochs': 200, 'lr_patience': 4, 'lr_factor': 0.23768016870424954}",15.39437460899353,10,"65_batch_size=256,initial_dropout_rate=0.1388,layer_size=768,lr=0.0006,lr_factor=0.2377,lr_patience=4,max_dropout_rate=0.5807,momentum=0.9065,optimizer=sgd,weight_decay=0.0000",,,,
,,,,,,,0.7442156473795573,1747897129,,True,13,973fb_00066,2025-05-22_08-58-49,0.39287233352661133,19.75531530380249,1170583,cg14,10.21.0.219,"{'lr': 0.0019219589164568098, 'optimizer': 'adam', 'momentum': 0.9333207231951524, 'weight_decay': 3.1999936535017726e-06, 'layer_size': 832, 'initial_dropout_rate': 0.18010429397523087, 'max_dropout_rate': 0.6463637474766523, 'batch_size': 256, 'epochs': 200, 'lr_patience': 5, 'lr_factor': 0.3744462206839495}",19.75531530380249,13,"66_batch_size=256,initial_dropout_rate=0.1801,layer_size=832,lr=0.0019,lr_factor=0.3744,lr_patience=5,max_dropout_rate=0.6464,momentum=0.9333,optimizer=adam,weight_decay=0.0000",76.41277641277642,0.8425791045369843,0.7641277641277642,0.7886226399931755
10.0,1.7048294980351517,1.709729703989896,0.0,0.0,0.0,0.0,1.709729703989896,1747897142,,True,10,973fb_00067,2025-05-22_08-59-02,0.36165642738342285,14.38321852684021,1170868,cg14,10.21.0.219,"{'lr': 2.6032617716735518e-05, 'optimizer': 'adamw', 'momentum': 0.9896392175819694, 'weight_decay': 1.95401603173749e-06, 'layer_size': 288, 'initial_dropout_rate': 0.19065960659644632, 'max_dropout_rate': 0.6918185240000349, 'batch_size': 64, 'epochs': 200, 'lr_patience': 8, 'lr_factor': 0.4459624018523911}",14.38321852684021,10,"67_batch_size=64,initial_dropout_rate=0.1907,layer_size=288,lr=0.0000,lr_factor=0.4460,lr_patience=8,max_dropout_rate=0.6918,momentum=0.9896,optimizer=adamw,weight_decay=0.0000",,,,
20.0,0.8699037919684154,0.9766940203579989,0.0,0.0,0.0,0.0,0.9766940203579989,1747897155,,True,20,973fb_00068,2025-05-22_08-59-15,0.5239646434783936,19.181817531585693,1171021,cg14,10.21.0.219,"{'lr': 5.751355217309244e-05, 'optimizer': 'adamw', 'momentum': 0.8846944127136049, 'weight_decay': 8.780374430414268e-06, 'layer_size': 704, 'initial_dropout_rate': 0.1945342421536595, 'max_dropout_rate': 0.6966859945044729, 'batch_size': 64, 'epochs': 200, 'lr_patience': 5, 'lr_factor': 0.14405803815469423}",19.181817531585693,20,"68_batch_size=64,initial_dropout_rate=0.1945,layer_size=704,lr=0.0001,lr_factor=0.1441,lr_patience=5,max_dropout_rate=0.6967,momentum=0.8847,optimizer=adamw,weight_decay=0.0000",,,,
10.0,1.5065267841990402,1.532552643255754,0.0,0.0,0.0,0.0,1.532552643255754,1747897163,,True,10,973fb_00069,2025-05-22_08-59-23,0.518866777420044,20.407512664794922,1171228,cg14,10.21.0.219,"{'lr': 0.00015149644491588488, 'optimizer': 'sgd', 'momentum': 0.9150375734539091, 'weight_decay': 0.0005622261716009141, 'layer_size': 768, 'initial_dropout_rate': 0.2637405244881094, 'max_dropout_rate': 0.5028563490721721, 'batch_size': 64, 'epochs': 200, 'lr_patience': 4, 'lr_factor': 0.4687055490202615}",20.407512664794922,10,"69_batch_size=64,initial_dropout_rate=0.2637,layer_size=768,lr=0.0002,lr_factor=0.4687,lr_patience=4,max_dropout_rate=0.5029,momentum=0.9150,optimizer=sgd,weight_decay=0.0006",,,,
,,,,,,,0.7895048473562513,1747897174,,True,16,973fb_00070,2025-05-22_08-59-34,1.3120930194854736,31.50723123550415,1171298,cg14,10.21.0.219,"{'lr': 0.005942318895501887, 'optimizer': 'adam', 'momentum': 0.8803691770983073, 'weight_decay': 4.7548252367743734e-05, 'layer_size': 832, 'initial_dropout_rate': 0.08906408238960883, 'max_dropout_rate': 0.5499876889269858, 'batch_size': 32, 'epochs': 200, 'lr_patience': 9, 'lr_factor': 0.14808565480323332}",31.50723123550415,16,"70_batch_size=32,initial_dropout_rate=0.0891,layer_size=832,lr=0.0059,lr_factor=0.1481,lr_patience=9,max_dropout_rate=0.5500,momentum=0.8804,optimizer=adam,weight_decay=0.0000",81.44963144963145,0.8358823107030215,0.8144963144963145,0.8209028127308357
10.0,1.6950186796304656,1.722204049428304,0.0,0.0,0.0,0.0,1.722204049428304,1747897177,,True,10,973fb_00071,2025-05-22_08-59-37,0.8857824802398682,23.623817920684814,1171474,cg14,10.21.0.219,"{'lr': 2.420068490257794e-05, 'optimizer': 'sgd', 'momentum': 0.903409491542548, 'weight_decay': 0.00026534653216273956, 'layer_size': 992, 'initial_dropout_rate': 0.23747312020677436, 'max_dropout_rate': 0.598079516851658, 'batch_size': 32, 'epochs': 200, 'lr_patience': 8, 'lr_factor': 0.1291987963731217}",23.623817920684814,10,"71_batch_size=32,initial_dropout_rate=0.2375,layer_size=992,lr=0.0000,lr_factor=0.1292,lr_patience=8,max_dropout_rate=0.5981,momentum=0.9034,optimizer=sgd,weight_decay=0.0003",,,,
,,,,,,,0.7303581833839417,1747897189,,True,15,973fb_00072,2025-05-22_08-59-49,0.30779528617858887,18.196658849716187,1171734,cg14,10.21.0.219,"{'lr': 0.003533157755740139, 'optimizer': 'adamw', 'momentum': 0.9231094688047774, 'weight_decay': 7.579701385130128e-06, 'layer_size': 544, 'initial_dropout_rate': 0.3573311699095189, 'max_dropout_rate': 0.6753677751600499, 'batch_size': 256, 'epochs': 200, 'lr_patience': 5, 'lr_factor': 0.3965213226203167}",18.196658849716187,15,"72_batch_size=256,initial_dropout_rate=0.3573,layer_size=544,lr=0.0035,lr_factor=0.3965,lr_patience=5,max_dropout_rate=0.6754,momentum=0.9231,optimizer=adamw,weight_decay=0.0000",77.76412776412776,0.8151577588319453,0.7776412776412777,0.7847417650893981
10.0,1.7247471866153536,1.7035934925079346,0.0,0.0,0.0,0.0,1.7035934925079346,1747897203,,True,10,973fb_00073,2025-05-22_09-00-03,0.4146733283996582,16.0489444732666,1171902,cg14,10.21.0.219,"{'lr': 2.4658512605402915e-05, 'optimizer': 'adam', 'momentum': 0.8607162155635888, 'weight_decay': 1.713506691652512e-06, 'layer_size': 704, 'initial_dropout_rate': 0.38119643103476625, 'max_dropout_rate': 0.6983316330692364, 'batch_size': 128, 'epochs': 200, 'lr_patience': 7, 'lr_factor': 0.3911909938459418}",16.0489444732666,10,"73_batch_size=128,initial_dropout_rate=0.3812,layer_size=704,lr=0.0000,lr_factor=0.3912,lr_patience=7,max_dropout_rate=0.6983,momentum=0.8607,optimizer=adam,weight_decay=0.0000",,,,
10.0,1.8680926183374917,1.8533104116266423,0.0,0.0,0.0,0.0,1.8533104116266423,1747897204,,True,10,973fb_00074,2025-05-22_09-00-04,0.40420985221862793,16.114970922470093,1172041,cg14,10.21.0.219,"{'lr': 1.3096175291219948e-05, 'optimizer': 'sgd', 'momentum': 0.9607471795208046, 'weight_decay': 1.4834260768157343e-05, 'layer_size': 768, 'initial_dropout_rate': 0.43143476688162924, 'max_dropout_rate': 0.6418683548633508, 'batch_size': 64, 'epochs': 200, 'lr_patience': 8, 'lr_factor': 0.45273471544515453}",16.114970922470093,10,"74_batch_size=64,initial_dropout_rate=0.4314,layer_size=768,lr=0.0000,lr_factor=0.4527,lr_patience=8,max_dropout_rate=0.6419,momentum=0.9607,optimizer=sgd,weight_decay=0.0000",,,,
,,,,,,,0.6667009194691976,1747897223,,True,21,973fb_00075,2025-05-22_09-00-23,0.47469449043273926,22.907631397247314,1172202,cg14,10.21.0.219,"{'lr': 0.00834437641619613, 'optimizer': 'adam', 'momentum': 0.8782622325131467, 'weight_decay': 0.0005430226592263627, 'layer_size': 352, 'initial_dropout_rate': 0.39897749482502154, 'max_dropout_rate': 0.5835497723746527, 'batch_size': 256, 'epochs': 200, 'lr_patience': 7, 'lr_factor': 0.2621793143145904}",22.907631397247314,21,"75_batch_size=256,initial_dropout_rate=0.3990,layer_size=352,lr=0.0083,lr_factor=0.2622,lr_patience=7,max_dropout_rate=0.5835,momentum=0.8783,optimizer=adam,weight_decay=0.0005",76.78132678132678,0.8121855030988158,0.7678132678132679,0.7810951290303926
10.0,1.9533267563039607,1.900400161743164,0.0,0.0,0.0,0.0,1.900400161743164,1747897217,,True,10,973fb_00076,2025-05-22_09-00-17,0.3884897232055664,16.982826709747314,1172208,cg14,10.21.0.219,"{'lr': 1.6352673308766152e-05, 'optimizer': 'sgd', 'momentum': 0.9808262083811532, 'weight_decay': 0.00040697459911062596, 'layer_size': 1024, 'initial_dropout_rate': 0.4607507079452875, 'max_dropout_rate': 0.6667472715530874, 'batch_size': 256, 'epochs': 200, 'lr_patience': 9, 'lr_factor': 0.3931335052652708}",16.982826709747314,10,"76_batch_size=256,initial_dropout_rate=0.4608,layer_size=1024,lr=0.0000,lr_factor=0.3931,lr_patience=9,max_dropout_rate=0.6667,momentum=0.9808,optimizer=sgd,weight_decay=0.0004",,,,
,,,,,,,0.6788144210974375,1747897237,,True,11,973fb_00077,2025-05-22_09-00-37,0.6644473075866699,20.771270036697388,1172450,cg14,10.21.0.219,"{'lr': 0.0011526420426916815, 'optimizer': 'adam', 'momentum': 0.8620786543327681, 'weight_decay': 2.9795839705842506e-05, 'layer_size': 768, 'initial_dropout_rate': 0.02401675122220276, 'max_dropout_rate': 0.6485097588665272, 'batch_size': 32, 'epochs': 200, 'lr_patience': 4, 'lr_factor': 0.12499411763930963}",20.771270036697388,11,"77_batch_size=32,initial_dropout_rate=0.0240,layer_size=768,lr=0.0012,lr_factor=0.1250,lr_patience=4,max_dropout_rate=0.6485,momentum=0.8621,optimizer=adam,weight_decay=0.0000",80.5896805896806,0.8466358479224017,0.8058968058968059,0.8195395279711798
10.0,1.6013199483476035,1.606548099290757,0.0,0.0,0.0,0.0,1.606548099290757,1747897254,,True,10,973fb_00078,2025-05-22_09-00-54,1.2063689231872559,20.71464228630066,1172682,cg14,10.21.0.219,"{'lr': 1.048724332789144e-05, 'optimizer': 'adam', 'momentum': 0.8539873372951824, 'weight_decay': 5.290051116569325e-06, 'layer_size': 704, 'initial_dropout_rate': 0.16316956299411295, 'max_dropout_rate': 0.659070102316711, 'batch_size': 32, 'epochs': 200, 'lr_patience': 3, 'lr_factor': 0.37649263988867887}",20.71464228630066,10,"78_batch_size=32,initial_dropout_rate=0.1632,layer_size=704,lr=0.0000,lr_factor=0.3765,lr_patience=3,max_dropout_rate=0.6591,momentum=0.8540,optimizer=adam,weight_decay=0.0000",,,,
,,,,,,,0.8428030555898492,1747897252,,True,12,973fb_00079,2025-05-22_09-00-52,0.7463207244873047,19.190476894378662,1172681,cg14,10.21.0.219,"{'lr': 0.0011888684853815178, 'optimizer': 'adam', 'momentum': 0.9395166513943136, 'weight_decay': 1.6055101979458897e-06, 'layer_size': 768, 'initial_dropout_rate': 0.08267064403931279, 'max_dropout_rate': 0.6488273829642712, 'batch_size': 64, 'epochs': 200, 'lr_patience': 3, 'lr_factor': 0.3143504822618317}",19.190476894378662,12,"79_batch_size=64,initial_dropout_rate=0.0827,layer_size=768,lr=0.0012,lr_factor=0.3144,lr_patience=3,max_dropout_rate=0.6488,momentum=0.9395,optimizer=adam,weight_decay=0.0000",78.62407862407862,0.820369921452303,0.7862407862407862,0.7980719212371012
20.0,0.962805779241934,1.014533125218891,0.0,0.0,0.0,0.0,1.014533125218891,1747897279,,True,20,973fb_00080,2025-05-22_09-01-19,0.7025260925292969,34.38469934463501,1172933,cg14,10.21.0.219,"{'lr': 2.807619199774595e-05, 'optimizer': 'adam', 'momentum': 0.9053801885020131, 'weight_decay': 0.0004704072182518117, 'layer_size': 768, 'initial_dropout_rate': 0.13420684374245972, 'max_dropout_rate': 0.6927059745455952, 'batch_size': 32, 'epochs': 200, 'lr_patience': 9, 'lr_factor': 0.2293063537189357}",34.38469934463501,20,"80_batch_size=32,initial_dropout_rate=0.1342,layer_size=768,lr=0.0000,lr_factor=0.2293,lr_patience=9,max_dropout_rate=0.6927,momentum=0.9054,optimizer=adam,weight_decay=0.0005",,,,
20.0,0.7220553101562872,0.8933415412902832,0.0,0.0,0.0,0.0,0.8933415412902832,1747897272,,True,20,973fb_00081,2025-05-22_09-01-12,0.49848294258117676,25.679161548614502,1173062,cg14,10.21.0.219,"{'lr': 4.0317732725475306e-05, 'optimizer': 'adam', 'momentum': 0.9262832959681523, 'weight_decay': 0.0009325714535073387, 'layer_size': 864, 'initial_dropout_rate': 0.06935095674283531, 'max_dropout_rate': 0.5212238160285048, 'batch_size': 64, 'epochs': 200, 'lr_patience': 5, 'lr_factor': 0.10233534632768358}",25.679161548614502,20,"81_batch_size=64,initial_dropout_rate=0.0694,layer_size=864,lr=0.0000,lr_factor=0.1023,lr_patience=5,max_dropout_rate=0.5212,momentum=0.9263,optimizer=adam,weight_decay=0.0009",,,,
10.0,1.75208073312586,1.7115694681803386,0.0,0.0,0.0,0.0,1.7115694681803386,1747897286,,True,10,973fb_00082,2025-05-22_09-01-26,0.3186042308807373,18.157118320465088,1173237,cg14,10.21.0.219,"{'lr': 0.0004159975771573895, 'optimizer': 'sgd', 'momentum': 0.9508926392390353, 'weight_decay': 4.606225178301495e-06, 'layer_size': 448, 'initial_dropout_rate': 0.42140423325901616, 'max_dropout_rate': 0.6378001564114067, 'batch_size': 256, 'epochs': 200, 'lr_patience': 9, 'lr_factor': 0.46433627349520035}",18.157118320465088,10,"82_batch_size=256,initial_dropout_rate=0.4214,layer_size=448,lr=0.0004,lr_factor=0.4643,lr_patience=9,max_dropout_rate=0.6378,momentum=0.9509,optimizer=sgd,weight_decay=0.0000",,,,
,,,,,,,0.7499328752358755,1747897314,,True,29,973fb_00083,2025-05-22_09-01-54,0.8816170692443848,28.980712175369263,1173476,cg14,10.21.0.219,"{'lr': 0.0008868328662544553, 'optimizer': 'adam', 'momentum': 0.8591201138318385, 'weight_decay': 0.000506824551658068, 'layer_size': 800, 'initial_dropout_rate': 0.08491823393522402, 'max_dropout_rate': 0.5097053312460634, 'batch_size': 128, 'epochs': 200, 'lr_patience': 9, 'lr_factor': 0.41229368715943326}",28.980712175369263,29,"83_batch_size=128,initial_dropout_rate=0.0849,layer_size=800,lr=0.0009,lr_factor=0.4123,lr_patience=9,max_dropout_rate=0.5097,momentum=0.8591,optimizer=adam,weight_decay=0.0005",82.18673218673219,0.8472226198866355,0.8218673218673219,0.8284509802249168
,,,,,,,0.7081685797089622,1747897332,,True,28,973fb_00084,2025-05-22_09-02-12,1.020010232925415,46.88043236732483,1173477,cg14,10.21.0.219,"{'lr': 0.0073186265573342655, 'optimizer': 'adam', 'momentum': 0.9408957450575621, 'weight_decay': 6.782095611026645e-06, 'layer_size': 928, 'initial_dropout_rate': 0.4798864664875631, 'max_dropout_rate': 0.5463285397239828, 'batch_size': 32, 'epochs': 200, 'lr_patience': 8, 'lr_factor': 0.3405960888928271}",46.88043236732483,28,"84_batch_size=32,initial_dropout_rate=0.4799,layer_size=928,lr=0.0073,lr_factor=0.3406,lr_patience=8,max_dropout_rate=0.5463,momentum=0.9409,optimizer=adam,weight_decay=0.0000",82.92383292383292,0.8400086679093857,0.8292383292383292,0.8311747764425713
,,,,,,,0.8079783121744791,1747897321,,True,12,973fb_00085,2025-05-22_09-02-02,1.5127167701721191,21.72796893119812,1173764,cg14,10.21.0.219,"{'lr': 0.009676829456757623, 'optimizer': 'adam', 'momentum': 0.8744892014857709, 'weight_decay': 7.319915389793702e-06, 'layer_size': 544, 'initial_dropout_rate': 0.3726264705159341, 'max_dropout_rate': 0.589797343897317, 'batch_size': 256, 'epochs': 200, 'lr_patience': 3, 'lr_factor': 0.4297501479595328}",21.72796893119812,12,"85_batch_size=256,initial_dropout_rate=0.3726,layer_size=544,lr=0.0097,lr_factor=0.4298,lr_patience=3,max_dropout_rate=0.5898,momentum=0.8745,optimizer=adam,weight_decay=0.0000",82.06388206388206,0.8380198203837284,0.8206388206388207,0.8205435323921074
10.0,1.67014441603706,1.673913836479187,0.0,0.0,0.0,0.0,1.673913836479187,1747897319,,True,10,973fb_00086,2025-05-22_09-01-59,0.9160740375518799,16.40320110321045,1173910,cg14,10.21.0.219,"{'lr': 0.00015436385205026967, 'optimizer': 'sgd', 'momentum': 0.9118139682126004, 'weight_decay': 0.0004141423587415008, 'layer_size': 576, 'initial_dropout_rate': 0.2538800735770484, 'max_dropout_rate': 0.540348113179234, 'batch_size': 128, 'epochs': 200, 'lr_patience': 6, 'lr_factor': 0.2655113017204047}",16.40320110321045,10,"86_batch_size=128,initial_dropout_rate=0.2539,layer_size=576,lr=0.0002,lr_factor=0.2655,lr_patience=6,max_dropout_rate=0.5403,momentum=0.9118,optimizer=sgd,weight_decay=0.0004",,,,
,,,,,,,0.8344949292285102,1747897339,,True,17,973fb_00087,2025-05-22_09-02-19,1.2315831184387207,32.947733879089355,1174061,cg14,10.21.0.219,"{'lr': 0.002651348593711011, 'optimizer': 'adamw', 'momentum': 0.9241105345771359, 'weight_decay': 0.00027563024257530177, 'layer_size': 544, 'initial_dropout_rate': 0.07951617398315658, 'max_dropout_rate': 0.5953397326743027, 'batch_size': 32, 'epochs': 200, 'lr_patience': 9, 'lr_factor': 0.40537114529873275}",32.947733879089355,17,"87_batch_size=32,initial_dropout_rate=0.0795,layer_size=544,lr=0.0027,lr_factor=0.4054,lr_patience=9,max_dropout_rate=0.5953,momentum=0.9241,optimizer=adamw,weight_decay=0.0003",81.44963144963145,0.8429256987371964,0.8144963144963145,0.8221955670619556
10.0,1.8480139505572435,1.8573946410959417,0.0,0.0,0.0,0.0,1.8573946410959417,1747897362,,True,10,973fb_00088,2025-05-22_09-02-42,0.7033724784851074,16.628961086273193,1174278,cg14,10.21.0.219,"{'lr': 7.228328655669501e-05, 'optimizer': 'sgd', 'momentum': 0.9437323876132042, 'weight_decay': 6.750659171211616e-06, 'layer_size': 192, 'initial_dropout_rate': 0.4019797149276784, 'max_dropout_rate': 0.6405476893263793, 'batch_size': 64, 'epochs': 200, 'lr_patience': 6, 'lr_factor': 0.3957123159539271}",16.628961086273193,10,"88_batch_size=64,initial_dropout_rate=0.4020,layer_size=192,lr=0.0001,lr_factor=0.3957,lr_patience=6,max_dropout_rate=0.6405,momentum=0.9437,optimizer=sgd,weight_decay=0.0000",,,,
,,,,,,,0.8187860647837321,1747897362,,True,12,973fb_00089,2025-05-22_09-02-42,0.7843708992004395,16.820740222930908,1174412,cg14,10.21.0.219,"{'lr': 0.0057498923871839415, 'optimizer': 'adam', 'momentum': 0.9697745906018784, 'weight_decay': 1.3478914863054088e-06, 'layer_size': 352, 'initial_dropout_rate': 0.05288627545211877, 'max_dropout_rate': 0.5762001782677877, 'batch_size': 128, 'epochs': 200, 'lr_patience': 5, 'lr_factor': 0.4352519670972367}",16.820740222930908,12,"89_batch_size=128,initial_dropout_rate=0.0529,layer_size=352,lr=0.0057,lr_factor=0.4353,lr_patience=5,max_dropout_rate=0.5762,momentum=0.9698,optimizer=adam,weight_decay=0.0000",82.67813267813267,0.8503333940453468,0.8267813267813268,0.8357085186115396
10.0,1.4493508447300305,1.5103538831075032,0.0,0.0,0.0,0.0,1.5103538831075032,1747897360,,True,10,973fb_00090,2025-05-22_09-02-40,0.4408586025238037,14.540990114212036,1174471,cg14,10.21.0.219,"{'lr': 2.735743682294754e-05, 'optimizer': 'adam', 'momentum': 0.9394050956598121, 'weight_decay': 0.0003655676008822553, 'layer_size': 832, 'initial_dropout_rate': 0.09975029274021924, 'max_dropout_rate': 0.6317723476914046, 'batch_size': 256, 'epochs': 200, 'lr_patience': 3, 'lr_factor': 0.371583164807862}",14.540990114212036,10,"90_batch_size=256,initial_dropout_rate=0.0998,layer_size=832,lr=0.0000,lr_factor=0.3716,lr_patience=3,max_dropout_rate=0.6318,momentum=0.9394,optimizer=adam,weight_decay=0.0004",,,,
10.0,1.5434760960136973,1.5153622173127674,0.0,0.0,0.0,0.0,1.5153622173127674,1747897377,,True,10,973fb_00091,2025-05-22_09-02-57,0.6195244789123535,22.1577205657959,1174653,cg14,10.21.0.219,"{'lr': 3.4864917067454084e-05, 'optimizer': 'adam', 'momentum': 0.899726581631532, 'weight_decay': 3.4358049395562554e-06, 'layer_size': 608, 'initial_dropout_rate': 0.36198869150377977, 'max_dropout_rate': 0.5887709588519181, 'batch_size': 32, 'epochs': 200, 'lr_patience': 5, 'lr_factor': 0.4746563321338203}",22.1577205657959,10,"91_batch_size=32,initial_dropout_rate=0.3620,layer_size=608,lr=0.0000,lr_factor=0.4747,lr_patience=5,max_dropout_rate=0.5888,momentum=0.8997,optimizer=adam,weight_decay=0.0000",,,,
10.0,1.3775864782787504,1.4163355628649394,0.0,0.0,0.0,0.0,1.4163355628649394,1747897378,,True,10,973fb_00092,2025-05-22_09-02-58,0.9314913749694824,19.13695979118347,1174796,cg14,10.21.0.219,"{'lr': 3.0620638395700596e-05, 'optimizer': 'adam', 'momentum': 0.899707893407858, 'weight_decay': 0.00018446168141569006, 'layer_size': 672, 'initial_dropout_rate': 0.10600696176580521, 'max_dropout_rate': 0.5363372174280059, 'batch_size': 128, 'epochs': 200, 'lr_patience': 9, 'lr_factor': 0.24585648705753035}",19.13695979118347,10,"92_batch_size=128,initial_dropout_rate=0.1060,layer_size=672,lr=0.0000,lr_factor=0.2459,lr_patience=9,max_dropout_rate=0.5363,momentum=0.8997,optimizer=adam,weight_decay=0.0002",,,,
10.0,1.3094780445098877,1.4344587326049805,0.0,0.0,0.0,0.0,1.4344587326049805,1747897403,,True,10,973fb_00093,2025-05-22_09-03-23,0.41162681579589844,13.235851049423218,1175046,cg14,10.21.0.219,"{'lr': 0.0007185578225836108, 'optimizer': 'sgd', 'momentum': 0.8627874206400906, 'weight_decay': 0.0005494864954140835, 'layer_size': 832, 'initial_dropout_rate': 0.050293746686891294, 'max_dropout_rate': 0.6450793047293105, 'batch_size': 256, 'epochs': 200, 'lr_patience': 6, 'lr_factor': 0.3631493350257686}",13.235851049423218,10,"93_batch_size=256,initial_dropout_rate=0.0503,layer_size=832,lr=0.0007,lr_factor=0.3631,lr_patience=6,max_dropout_rate=0.6451,momentum=0.8628,optimizer=sgd,weight_decay=0.0005",,,,
10.0,1.6047209718010642,1.6491388479868572,0.0,0.0,0.0,0.0,1.6491388479868572,1747897403,,True,10,973fb_00094,2025-05-22_09-03-23,0.4022064208984375,13.145205020904541,1175055,cg14,10.21.0.219,"{'lr': 0.0007066398916485719, 'optimizer': 'sgd', 'momentum': 0.8626408140768764, 'weight_decay': 1.2578139943661515e-05, 'layer_size': 512, 'initial_dropout_rate': 0.26113781929632923, 'max_dropout_rate': 0.6098206832313743, 'batch_size': 256, 'epochs': 200, 'lr_patience': 5, 'lr_factor': 0.24875096948087908}",13.145205020904541,10,"94_batch_size=256,initial_dropout_rate=0.2611,layer_size=512,lr=0.0007,lr_factor=0.2488,lr_patience=5,max_dropout_rate=0.6098,momentum=0.8626,optimizer=sgd,weight_decay=0.0000",,,,
10.0,1.8030593178488992,1.7995507717132568,0.0,0.0,0.0,0.0,1.7995507717132568,1747897403,,True,10,973fb_00095,2025-05-22_09-03-23,0.3999485969543457,13.186371326446533,1175186,cg14,10.21.0.219,"{'lr': 0.00021683024371639266, 'optimizer': 'sgd', 'momentum': 0.9489764821965122, 'weight_decay': 1.5171401720077373e-06, 'layer_size': 448, 'initial_dropout_rate': 0.39385540708925193, 'max_dropout_rate': 0.5249658120530837, 'batch_size': 256, 'epochs': 200, 'lr_patience': 4, 'lr_factor': 0.20802845200508271}",13.186371326446533,10,"95_batch_size=256,initial_dropout_rate=0.3939,layer_size=448,lr=0.0002,lr_factor=0.2080,lr_patience=4,max_dropout_rate=0.5250,momentum=0.9490,optimizer=sgd,weight_decay=0.0000",,,,
10.0,1.800901180221921,1.785848041375478,0.0,0.0,0.0,0.0,1.785848041375478,1747897415,,True,10,973fb_00096,2025-05-22_09-03-35,0.6479542255401611,15.851994276046753,1175416,cg14,10.21.0.219,"{'lr': 1.4904480982587233e-05, 'optimizer': 'adamw', 'momentum': 0.8725075214178769, 'weight_decay': 1.793936233848192e-06, 'layer_size': 320, 'initial_dropout_rate': 0.08872845004580354, 'max_dropout_rate': 0.6569726938223783, 'batch_size': 128, 'epochs': 200, 'lr_patience': 3, 'lr_factor': 0.2164103046723808}",15.851994276046753,10,"96_batch_size=128,initial_dropout_rate=0.0887,layer_size=320,lr=0.0000,lr_factor=0.2164,lr_patience=3,max_dropout_rate=0.6570,momentum=0.8725,optimizer=adamw,weight_decay=0.0000",,,,
20.0,0.747565610068185,0.9016706546147665,0.0,0.0,0.0,0.0,0.9016706546147665,1747897418,,True,20,973fb_00097,2025-05-22_09-03-38,0.2795565128326416,17.93281579017639,1175485,cg14,10.21.0.219,"{'lr': 0.0034416594029440294, 'optimizer': 'sgd', 'momentum': 0.8765890468091065, 'weight_decay': 1.7837742296691878e-06, 'layer_size': 672, 'initial_dropout_rate': 0.31960054945955474, 'max_dropout_rate': 0.6326814221270693, 'batch_size': 128, 'epochs': 200, 'lr_patience': 4, 'lr_factor': 0.4714862467457722}",17.93281579017639,20,"97_batch_size=128,initial_dropout_rate=0.3196,layer_size=672,lr=0.0034,lr_factor=0.4715,lr_patience=4,max_dropout_rate=0.6327,momentum=0.8766,optimizer=sgd,weight_decay=0.0000",,,,
20.0,0.7551444154687044,0.8517557964438484,0.0,0.0,0.0,0.0,0.8517557964438484,1747897440,,True,20,973fb_00098,2025-05-22_09-04-00,0.47628021240234375,17.188597202301025,1175783,cg14,10.21.0.219,"{'lr': 0.004854194491409753, 'optimizer': 'sgd', 'momentum': 0.9735451120398988, 'weight_decay': 2.593652957963783e-05, 'layer_size': 672, 'initial_dropout_rate': 0.4207851401493088, 'max_dropout_rate': 0.6081599965533322, 'batch_size': 32, 'epochs': 200, 'lr_patience': 6, 'lr_factor': 0.32356175323600056}",17.188597202301025,20,"98_batch_size=32,initial_dropout_rate=0.4208,layer_size=672,lr=0.0049,lr_factor=0.3236,lr_patience=6,max_dropout_rate=0.6082,momentum=0.9735,optimizer=sgd,weight_decay=0.0000",,,,
,,,,,,,0.610823487951642,1747897440,,True,18,973fb_00099,2025-05-22_09-04-00,0.6944246292114258,17.196658849716187,1175782,cg14,10.21.0.219,"{'lr': 0.0012261833000548831, 'optimizer': 'adam', 'momentum': 0.9638578036755691, 'weight_decay': 5.976166868745711e-06, 'layer_size': 608, 'initial_dropout_rate': 0.4990784669770311, 'max_dropout_rate': 0.5169014571438099, 'batch_size': 32, 'epochs': 200, 'lr_patience': 5, 'lr_factor': 0.20256498044228716}",17.196658849716187,18,"99_batch_size=32,initial_dropout_rate=0.4991,layer_size=608,lr=0.0012,lr_factor=0.2026,lr_patience=5,max_dropout_rate=0.5169,momentum=0.9639,optimizer=adam,weight_decay=0.0000",77.02702702702703,0.8180931982113137,0.7702702702702703,0.7861510287505564
