,predicted_lat,predicted_lon,true_latitude,true_longitude
0,26.899895,123.28257,25.109468,121.51903
1,50.477913,0.23561998,51.51204,-0.2242216
2,9.601509,5.384605,8.457599,4.576811
3,46.252094,8.712907,40.74927,-73.93766
4,23.03624,115.9674,22.3357,114.174225
5,24.455652,115.76656,64.83778,-147.71638
6,42.96744,-65.66212,40.714268,-74.00597
7,41.378693,-56.668625,40.714268,-74.00597
8,36.712265,39.520313,46.999996,7.9999986
9,35.139286,130.33481,37.513325,127.10028
10,50.403824,4.9146028,51.55239,-0.2968218
11,33.733574,133.67854,35.639973,139.63144
12,51.110916,3.6889021,51.516273,-0.13085666
13,-17.436724,-67.54673,-33.517162,-70.658676
14,14.051862,110.03732,-23.547499,-46.636105
15,52.184196,14.359927,48.870945,2.3458247
16,22.879637,115.63131,22.278934,114.16562
17,50.494728,3.3994205,51.515377,-0.17536595
18,50.61806,9.886452,64.83778,-147.71638
19,8.830718,5.357385,8.156011,4.726215
20,9.247539,7.080008,8.457633,4.5768003
21,23.053574,115.60065,22.252327,113.86066
22,23.300243,115.395386,22.395294,114.199646
23,39.152344,-74.06689,40.697052,-73.93551
24,34.43395,136.01616,35.639973,139.63144
25,34.44532,130.98647,37.496586,127.028244
26,55.8101,17.498087,59.332573,18.0649
27,38.221764,-74.45419,40.700367,-73.807686
28,33.408092,118.433945,21.0,104.99999
29,50.57172,3.6891844,51.576553,0.06610486
30,38.90628,-74.02028,40.71317,-74.00339
31,51.2528,1.3443017,51.530067,-0.29297352
32,50.981686,1.5720347,51.49437,-0.2677157
33,54.077103,16.973475,59.930317,10.714496
34,23.14351,115.399155,22.289392,114.21957
35,57.894184,-145.75664,52.5167,13.440737
36,41.568165,-65.64658,40.714268,-74.00597
37,23.367771,116.89435,22.302973,114.1822
38,40.597748,4.559851,41.388786,2.158991
39,42.263332,-66.38979,40.714268,-74.00597
40,40.943245,3.923097,51.55675,-0.17820318
41,51.03757,3.7279682,51.602734,-0.2641698
42,39.37179,-72.55704,40.77948,-73.95548
43,22.928741,115.59021,22.275692,114.168945
44,23.02985,115.429695,22.430855,114.237366
45,35.131283,130.4844,37.49738,127.02744
46,19.115013,155.69872,-23.565125,-46.637604
47,-9.167399,158.70074,44.97356,-93.23092
48,50.919327,3.1698976,51.609547,-0.18844645
49,41.897343,-64.53051,40.714268,-74.00597
50,9.149169,5.449703,8.456204,4.575764
51,40.47598,-5.6893024,41.149605,-8.610991
52,9.157216,5.769989,8.456637,4.576939
53,39.317333,21.26288,46.999996,7.9999986
54,50.723248,3.2183523,51.523125,-0.15688215
55,36.196365,132.45241,35.64018,139.63152
56,40.08639,7.057136,41.388786,2.158991
57,34.048977,-107.05252,41.149605,-8.610991
58,38.128277,33.84038,50.454655,30.523796
59,22.188732,114.29381,25.319746,51.512295
60,59.51694,-148.80441,64.83778,-147.71638
61,4.1316724,50.800087,8.45753,4.577547
62,9.406117,5.729186,8.458977,4.577719
63,48.124996,16.470308,46.999996,7.9999986
64,35.725815,137.6438,38.242874,140.84319
65,41.62172,-66.26442,51.526863,-0.024809513
66,55.470234,18.16672,59.949394,10.765919
67,38.244755,-171.99889,64.83778,-147.71638
68,23.25396,115.326614,22.284204,114.038055
69,31.194155,127.09807,50.454655,30.523796
70,41.340736,-66.325035,51.475166,-0.20120765
71,8.830937,5.424299,8.456516,4.5768
72,38.66895,-89.81832,39.30214,-76.624176
73,40.85456,-70.685,39.837696,-104.67608
74,51.16581,3.7753203,51.525665,-0.08754061
75,9.119465,5.553629,8.459403,4.577392
76,50.457195,4.0639853,51.591793,0.027320625
77,30.141657,127.95334,25.041523,121.543785
78,8.976566,5.5562835,8.4574795,4.5773716
79,23.076902,115.56246,8.457672,4.576813
80,23.310726,115.38906,22.395533,114.19973
81,41.784935,-65.91434,51.509132,-0.19651797
82,9.165747,5.930248,8.457456,4.5769567
83,52.936157,-4.538419,51.515198,-0.14175372
84,22.889717,115.63873,22.336798,114.17611
85,34.84271,130.87743,37.55404,126.97441
86,9.490169,5.7570677,8.457819,4.5782695
87,26.349998,115.779594,42.72804,23.300804
88,40.60574,-68.39322,51.512295,-0.18800958
89,8.9794,4.805727,8.457547,4.5769367
90,40.31155,6.9195213,41.388786,2.158991
91,39.365402,-72.61629,40.76268,-73.96767
92,40.35091,6.7011585,41.388786,2.158991
93,29.115482,126.11906,22.279982,114.1852
94,2.4721785,105.371956,3.1345556,101.686264
95,34.52265,135.21332,35.60086,139.68492
96,-17.294903,-61.10867,-33.519787,-70.59961
97,33.492413,132.41559,25.054674,121.61782
98,40.579994,-5.205657,41.149605,-8.610991
99,26.258884,54.092823,25.284931,51.536106
100,40.18619,20.545033,50.454655,30.523796
101,11.765785,2.726626,38.75382,-9.230829
102,38.58589,-73.14106,40.714268,-74.00597
103,33.55975,43.8038,50.454655,30.523796
104,34.82815,134.201,35.600945,139.68492
105,38.33738,-75.92755,40.754932,-74.000694
106,39.54571,21.847101,42.701805,23.298788
107,27.191685,121.5107,22.275494,114.168945
108,4.7612104,102.890785,1.2896689,103.85006
109,38.222565,-77.79554,40.714268,-74.00597
110,-24.757635,-53.726757,-23.561646,-46.65665
111,26.400354,54.355515,25.315006,51.44053
112,50.94325,3.3585553,51.54236,-0.34641293
113,49.57885,36.301807,50.454655,30.523796
114,36.972034,130.6519,35.640163,139.63141
115,23.119724,115.90953,22.307142,114.259964
116,42.080383,-62.56795,40.714268,-74.00597
117,23.296238,115.40082,22.285519,114.157684
118,8.744427,5.385106,8.484507,4.5628724
119,33.39633,131.78291,35.64019,139.63165
120,38.48621,-86.536606,38.58157,-121.494385
121,52.911533,11.980987,64.83778,-147.71638
122,22.699684,115.61553,22.275625,114.16903
123,51.03318,2.3309824,51.53665,-0.3238174
124,50.742878,3.4654663,51.517418,-0.082958676
125,36.73798,-126.16237,37.78214,-122.39409
126,10.602769,5.0414696,8.156144,4.7247806
127,45.560616,5.6999474,41.388786,2.158991
128,23.179821,115.52565,22.467955,114.23277
129,39.277287,-71.553085,51.53952,0.080855444
130,14.194458,90.47879,50.454655,30.523796
131,40.039276,6.985368,41.388786,2.158991
132,31.107971,50.892876,1.3844175,103.74517
133,11.248182,107.37633,21.0,104.99999
134,50.994877,3.8179696,51.525623,-0.13582507
135,32.165493,-14.578713,40.714268,-74.00597
136,40.02062,7.0879817,41.388786,2.158991
137,40.435787,11.169359,43.292694,5.3838654
138,50.961792,3.1624713,51.45267,-0.14796048
139,35.089127,137.13956,35.639973,139.63144
140,42.39587,-66.18445,51.490223,-0.21357656
141,49.939106,6.1556907,52.513954,13.474936
142,50.879982,2.068615,51.617928,0.07452406
143,32.863445,133.97246,-27.403507,153.10889
144,50.4954,3.743743,51.583355,-0.22646534
145,8.953024,5.573815,8.154433,4.722417
146,-12.304605,-64.828766,4.7092943,-74.110176
147,23.025127,115.72635,22.370613,114.12504
148,54.153847,16.71594,59.972034,10.929439
149,23.168402,115.92124,22.275587,114.16856
150,40.838783,19.017036,46.999996,7.9999986
151,9.427287,5.927559,8.457701,4.576806
152,4.22448,104.119675,1.3269578,103.94659
153,43.404255,31.87715,50.454655,30.523796
154,50.79536,3.2660227,51.525623,-0.13582507
155,23.073362,115.355194,22.28436,114.03814
156,19.334291,79.650246,1.4319495,103.775085
157,37.75866,0.48015434,39.28947,-76.6065
158,50.606155,4.0077343,51.577656,-0.14661814
159,38.971607,-71.95745,40.714268,-74.00597
160,55.03938,16.998169,59.930153,10.714729
161,36.775356,8.10448,44.955635,-93.10526
162,41.740368,-65.33873,40.714268,-74.00597
163,57.72558,24.63147,59.39666,23.80472
164,40.24733,7.751876,41.388786,2.158991
165,22.969418,115.63414,22.371725,114.185524
166,23.03322,115.452484,22.430883,114.23745
167,9.62179,5.835776,8.154772,4.722417
168,39.212616,37.597588,50.454655,30.523796
169,23.164429,115.50906,22.285519,114.157684
170,41.947,-66.97332,40.714268,-74.00597
171,50.864433,2.6319673,51.530464,-0.12383914
172,8.318326,-65.02239,40.714268,-74.00597
173,40.242985,6.938326,41.388786,2.158991
174,23.153883,115.621574,22.275652,114.168686
175,33.948242,135.64479,34.11038,131.40251
176,41.28917,-5.286683,41.149605,-8.610991
177,38.234013,-105.09112,39.739143,-104.984695
178,38.26911,-81.79805,39.739143,-104.984695
179,33.52901,131.7009,24.985468,121.44876
180,38.14725,-108.694595,37.51717,127.01479
181,39.7164,-73.033104,40.714268,-74.00597
182,3.916108,-87.89327,38.58157,-121.494385
183,51.015934,3.3591897,51.56549,-0.13509944
184,9.6895,6.75923,38.75382,-9.230829
185,40.736736,-5.9547358,41.149605,-8.610991
186,46.852585,18.603527,50.454655,30.523796
187,26.315613,53.54139,25.31786,51.4403
188,4.014709,-5.1069074,38.75382,-9.230829
189,49.36756,3.6461504,51.576553,0.06610486
190,8.766902,5.573641,8.484888,4.5630965
191,23.026491,115.399506,22.335474,114.17376
192,23.53611,115.7367,35.386883,139.4288
193,41.548725,-65.728935,40.714268,-74.00597
194,50.572586,3.2726238,51.516644,-0.24748053
195,50.81579,2.774793,51.50866,-0.12473322
196,40.327568,5.1427693,41.388786,2.158991
197,33.990425,138.01341,35.60414,139.68416
198,40.16847,6.924693,41.388786,2.158991
199,23.157003,115.38877,22.336002,114.17376
200,26.599712,120.09462,25.047726,121.518265
201,22.979858,115.99741,22.335527,114.15634
202,50.72957,2.9609237,51.530464,-0.12383914
203,38.76355,-76.71428,40.708508,-73.95826
204,40.284134,6.9880385,41.388786,2.158991
205,9.810169,6.70365,8.155977,4.7263365
206,22.896893,115.417435,22.28709,114.19355
207,42.568237,18.790419,46.999996,7.9999986
208,40.952965,-67.20129,51.49486,-0.24542317
209,51.041832,3.3796713,51.523785,-0.14392935
210,42.085075,-63.985146,40.714268,-74.00597
211,23.03564,115.49762,22.395533,114.19956
212,35.6322,135.38695,35.640137,139.63155
213,26.405653,53.765686,25.318502,51.440685
214,23.04767,115.55454,22.304838,114.18997
215,9.054805,5.4658475,8.484826,4.563065
216,40.35486,6.8578463,41.388786,2.158991
217,24.40188,120.18517,22.337828,114.18739
218,34.92546,136.55801,38.259308,140.88022
219,23.6235,107.498886,22.371063,113.965996
220,34.814014,131.30066,35.640186,139.63155
221,25.403421,122.11725,25.013378,121.46208
222,39.079956,-72.74573,40.704414,-74.01495
223,41.525677,-65.73833,40.714268,-74.00597
224,26.16096,121.893394,25.05036,121.59288
225,4.9770427,103.80723,1.3269681,103.94688
226,40.90411,-70.96516,40.714268,-74.00597
227,39.89136,7.0559373,41.388786,2.158991
228,23.309341,115.63466,22.285519,114.157684
229,41.442974,-67.61852,51.501152,-0.12479359
230,50.633816,3.7717085,51.508526,-0.12573974
231,32.798115,130.62584,39.82445,-104.773544
232,23.061821,115.49475,22.371407,113.96578
233,9.399199,5.82432,8.457221,4.5768867
234,42.90153,-66.02422,40.714268,-74.00597
235,46.2598,2.8512022,41.149605,-8.610991
236,42.579502,-61.7725,40.714268,-74.00597
237,38.083263,-76.82567,39.29857,-76.59461
238,10.70172,95.925156,1.430197,103.83365
239,25.409302,121.899086,25.032694,121.56988
240,9.352102,6.1189184,8.484641,4.5629683
241,8.982682,5.464125,8.155253,4.726541
242,31.580153,137.93239,35.60414,139.68416
243,38.92466,-73.991936,40.71159,-74.00456
244,39.89512,7.045801,41.388786,2.158991
245,20.45874,114.129715,22.22632,114.108635
246,42.10727,106.58313,59.27055,18.04972
247,51.181896,2.535069,51.415306,-0.19191578
248,22.79778,115.54868,22.395693,114.19956
249,47.706882,7.2924976,40.88022,14.232152
250,39.39784,-72.70252,40.773636,-73.959816
251,38.620182,20.40528,39.289505,-76.61388
252,9.518799,6.2768283,8.457647,4.5768795
253,37.494987,-100.15277,39.739143,-104.984695
254,23.006454,115.36924,22.226282,114.10856
255,33.269276,132.83699,34.1689,131.46748
256,50.92593,2.7765348,51.530067,-0.29297352
257,22.997334,115.09971,22.303925,114.25227
258,40.4924,-68.531906,51.525154,-0.03340024
259,56.85816,19.307198,59.972034,10.929439
260,54.2637,16.762838,59.915455,10.732088
261,23.1407,115.43529,22.468006,114.23277
262,8.689434,6.0840874,8.456591,4.577014
263,35.33657,129.50273,37.496292,127.06214
264,39.384083,-73.07569,40.714268,-74.00597
265,40.775616,-71.62264,51.5115,-0.090680964
266,23.097256,115.69624,22.371725,114.18578
267,41.873444,-3.9549763,41.149605,-8.610991
268,23.027472,115.4415,22.27581,114.168884
269,6.64444,101.18039,46.999996,7.9999986
270,38.53952,-74.07767,40.700356,-73.80768
271,23.633392,116.301315,22.208443,114.02847
272,34.223133,131.86374,37.51425,126.88267
273,23.101873,115.48953,22.33542,114.17392
274,22.61887,115.23468,22.284231,114.037964
275,23.645004,115.194824,22.39601,114.19999
276,32.95384,131.32036,22.33706,114.171394
277,51.076366,3.5349615,51.57685,-0.21342978
278,49.547665,4.1847863,52.524364,13.410527
279,56.791176,20.126368,59.332573,18.0649
280,25.316742,86.023575,1.4305438,103.77464
281,23.186201,115.468,22.275652,114.16899
282,9.347166,5.3909454,8.154433,4.722417
283,62.306614,-151.45659,64.83778,-147.71638
284,22.735954,115.62977,22.35835,114.107376
285,40.67802,3.9209108,41.388786,2.158991
286,23.088802,115.58585,22.372042,114.18535
287,46.899353,1.7556139,52.5167,13.440737
288,50.59371,3.2853825,51.508526,-0.12573974
289,23.230627,116.04767,22.288956,113.9411
290,41.825157,-64.11169,40.714268,-74.00597
291,51.137764,3.9103484,51.48203,-0.1127975
292,23.008266,115.63705,22.395218,114.19913
293,41.6537,-73.13381,40.77364,-73.95982
294,45.833447,-36.056515,51.49056,-0.20645466
295,50.241146,3.3756344,51.58341,-0.07247862
296,22.883762,115.21045,22.226242,114.10895
297,39.85488,-70.51688,40.714268,-74.00597
298,22.720974,115.19209,22.275932,114.16877
299,26.708513,118.93583,25.321278,51.48857
300,42.631176,-61.81252,40.714268,-74.00597
301,23.029253,115.38779,22.2262,114.10915
302,42.18087,-61.082912,40.714268,-74.00597
303,10.775846,3.5716238,38.75382,-9.230829
304,34.873085,134.89258,35.689445,139.70502
305,22.7664,115.55029,22.324371,114.16797
306,52.597237,19.230133,59.34583,17.894306
307,9.24439,5.1483727,8.154772,4.722417
308,22.953463,115.62548,22.335155,114.17406
309,38.6101,-73.199326,40.754745,-74.000656
310,59.813766,-141.30638,64.83778,-147.71638
311,34.453186,135.04228,38.242832,140.84293
312,26.457565,-33.84453,40.714268,-74.00597
313,35.317833,130.90022,37.486385,127.067314
314,55.501125,18.547815,59.93009,10.78959
315,34.38148,132.12088,35.64008,139.63141
316,26.083477,122.99547,25.05056,121.59318
317,34.920525,131.64993,35.604065,139.68413
318,40.866524,-67.248276,40.714268,-74.00597
319,26.057158,119.36941,22.370691,114.18484
320,22.51167,113.747154,22.37101,114.18492
321,9.174728,5.8499026,8.154433,4.722417
322,-15.542991,-51.184437,-22.909704,-43.2339
323,51.247387,2.8338928,51.514874,-0.09755972
324,56.71293,18.174213,59.332573,18.0649
325,38.500263,-88.14659,39.739143,-104.984695
326,34.90704,137.39854,40.887753,14.222275
327,46.289154,22.471264,50.454655,30.523796
328,8.921727,5.4000096,8.484655,4.5629783
329,40.68122,-5.9300857,41.149605,-8.610991
330,9.310674,5.6673517,8.457406,4.5769343
331,22.763226,115.50951,22.332073,114.16901
332,33.241516,136.80205,35.639973,139.63144
333,40.544632,-4.7083898,41.149605,-8.610991
334,9.559056,3.8574438,8.456555,4.5769563
335,50.35774,3.4400856,51.51387,-0.14931573
336,9.546443,6.806708,8.484956,4.563091
337,22.904137,115.34909,22.27564,114.16899
338,34.881966,131.31789,37.51553,127.01414
339,23.407743,115.82454,46.999996,7.9999986
340,42.516827,-61.884968,40.714268,-74.00597
341,22.569689,54.29853,37.483475,127.06375
342,22.98527,115.78099,22.336945,114.17573
343,39.719017,-71.39898,51.49437,-0.2677157
344,9.014763,5.97757,8.457473,4.5770116
345,42.971485,-61.265297,40.714268,-74.00597
346,41.801624,-66.082794,40.714268,-74.00597
347,9.846699,3.5789108,8.484392,4.562966
348,51.07733,2.9536371,51.58302,-0.019908894
349,42.23092,-63.704823,40.714268,-74.00597
350,41.033855,-4.1618395,41.149605,-8.610991
351,56.86172,19.036495,59.332573,18.0649
352,50.59151,3.4643123,51.508526,-0.12573974
353,22.96436,115.51051,22.370853,114.18466
354,10.584221,94.04852,1.4321579,103.77375
355,23.383072,111.7879,1.4319308,103.77495
356,26.284496,53.045586,25.253304,51.610443
357,7.4022536,6.826303,8.484558,4.5629096
358,28.690191,129.65729,-27.431328,153.07498
359,41.065292,-3.1153755,41.149605,-8.610991
360,50.533325,3.094603,51.508526,-0.12573974
361,41.925495,-66.7462,64.83778,-147.71638
362,22.90766,115.621735,22.27871,114.16641
363,24.431862,119.44211,25.057674,121.5207
364,23.015217,115.321236,22.395533,114.19973
365,23.938484,115.27326,22.395218,114.199646
366,42.53711,-59.98578,40.714268,-74.00597
367,56.60444,19.425112,59.33721,20.23833
368,-19.787619,170.1766,64.83778,-147.71638
369,51.053623,5.01064,51.51063,-0.086160466
370,67.511826,-158.89375,64.83778,-147.71638
371,38.907146,-72.42469,40.773636,-73.959816
372,41.951214,-65.90194,51.51209,-0.094172135
373,23.12017,115.39287,22.289154,114.219734
374,40.459026,6.946676,41.388786,2.158991
375,50.00818,-2.561595,51.475166,-0.20120765
376,31.535261,-10.118866,8.154584,4.726505
377,26.282787,76.987144,1.4373317,103.78593
378,24.066639,116.85799,22.382637,114.18748
379,50.60109,3.276798,51.508526,-0.12573974
380,38.650146,-72.61261,40.756954,-73.971794
381,40.222256,6.8814955,41.388786,2.158991
382,50.897846,2.7907023,51.505627,-0.2262818
383,22.851368,115.445244,22.395294,114.19973
384,38.629097,-100.545425,39.739143,-104.984695
385,22.97748,115.45273,22.371725,114.185265
386,38.736458,-72.99264,40.714268,-74.00597
387,51.195957,0.6658585,51.48728,0.19549067
388,22.921268,115.60444,22.395294,114.19939
389,14.285984,1.8241663,25.253304,51.610443
390,41.906876,-4.610834,41.149605,-8.610991
391,34.267757,132.02937,25.04225,121.50859
392,41.342342,-3.7754047,41.149605,-8.610991
393,34.171246,128.35762,37.509567,127.06097
394,50.559704,3.3597043,51.485798,-0.12372876
395,65.32611,-155.20346,64.83778,-147.71638
396,50.601658,3.5740983,51.508526,-0.12573974
397,8.533171,105.84077,1.2983284,103.79802
398,22.965988,115.875244,22.335632,114.17406
399,43.451004,-55.5406,51.53952,0.080855444
400,30.485334,49.7099,50.454655,30.523796
401,57.199825,19.62976,59.332573,18.0649
402,50.532505,2.8157609,51.503574,-0.11405235
403,57.587215,21.92497,59.332573,18.0649
404,23.025686,115.60933,22.430855,114.23775
405,22.815355,115.49311,22.395218,114.199554
406,22.723265,115.414345,22.275429,114.168816
407,34.38898,-129.05144,37.767193,-122.44459
408,38.382008,-57.505436,22.275734,114.169075
409,50.24675,-0.51232404,51.53952,0.080855444
410,49.139137,2.2430806,51.518192,-0.11166044
411,45.456474,1.0103905,41.149605,-8.610991
412,23.51168,116.355896,22.29515,114.17488
413,40.29747,6.9411573,41.388786,2.158991
414,50.673668,3.3078084,51.572094,-0.2952265
415,23.104397,115.62635,22.37093,114.18475
416,-11.817514,-159.05865,-23.56496,-46.637665
417,32.85088,48.12614,1.3526412,103.9549
418,55.413155,16.85082,59.332573,18.0649
419,51.2248,3.8484232,51.58733,-0.16472606
420,53.311317,-160.71078,-36.86629,174.82066
421,23.13132,115.97205,22.284216,114.03788
422,34.85154,133.99373,35.60086,139.68492
423,42.53584,-66.39899,40.714268,-74.00597
424,45.467022,10.912163,40.880764,14.230976
425,23.625097,117.16335,22.317545,114.160095
426,48.518013,3.0405536,51.58089,0.021491349
427,48.649353,18.920515,48.176674,16.414192
428,23.072605,115.69949,22.275652,114.1686
429,50.774326,3.3531148,51.508526,-0.12573974
430,39.410873,-91.59842,64.83778,-147.71638
431,-17.057783,170.24489,64.83778,-147.71638
432,42.960297,-2.2035315,64.83778,-147.71638
433,-0.616913,-66.25916,4.5745144,-74.123436
434,50.671413,3.2367613,51.508526,-0.12573974
435,23.885107,116.65575,22.275692,114.16891
436,50.677643,3.3662877,51.49641,-0.14382783
437,7.9014187,44.451782,22.282324,114.19173
438,37.68636,-33.542103,40.714268,-74.00597
439,9.478141,5.4041214,8.457637,4.5768194
440,56.202053,20.326307,59.93093,10.797179
441,26.118923,54.155956,25.284847,51.536392
442,42.36103,-65.62908,-37.78333,175.28333
443,23.270561,115.230965,22.285519,114.157684
444,21.384172,75.17835,1.4353247,103.78732
445,41.793976,-64.80501,40.714268,-74.00597
446,40.654057,4.4847574,41.388786,2.158991
447,32.525715,44.15867,1.432397,103.773895
448,42.995377,31.047104,50.454655,30.523796
449,38.819294,36.441788,50.454655,30.523796
450,40.019085,-88.66134,46.999996,7.9999986
451,23.132812,115.37063,22.371235,113.965744
452,40.39642,6.890247,41.388786,2.158991
453,4.1875663,104.33125,1.2983489,103.79772
454,50.087383,4.4642196,51.617176,0.04385689
455,22.781233,115.684326,22.275599,114.168846
456,38.6694,-73.24335,40.714268,-74.00597
457,23.01333,115.46325,22.37118,113.96609
458,33.550545,131.08667,22.304798,114.171684
459,38.485264,-73.220314,40.74273,-73.95365
460,23.22098,116.22946,22.335527,114.17393
461,23.252415,115.41272,22.381432,114.27444
462,22.869968,115.60155,22.285519,114.157684
463,48.62863,2.9227269,51.529823,-0.1856089
464,35.268036,128.26234,22.285519,114.157684
465,22.917912,115.57343,22.275599,114.16894
466,51.17957,3.999712,51.50127,-0.09369167
467,46.723392,-61.289543,64.83778,-147.71638
468,51.231113,2.4861004,51.55675,-0.17820318
469,42.438946,90.20464,50.454655,30.523796
470,57.8911,-145.7719,64.83778,-147.71638
471,39.796288,-73.561935,40.752884,-73.97772
472,41.802162,14.560813,-36.86667,174.76666
473,23.34195,116.11904,22.289448,114.21976
474,34.504753,133.48378,35.668266,139.71788
475,59.11859,-147.82794,-37.78333,175.28333
476,23.382746,115.30105,22.37109,114.18518
477,52.229206,7.6541915,51.613407,0.09213345
478,22.747066,115.201706,22.226044,114.1086
479,35.326702,-94.85731,39.84768,-104.67386
480,47.096817,9.750255,43.271133,5.4028645
481,59.170567,25.395308,59.330273,19.821665
482,28.081902,58.488766,1.3528496,103.95504
483,42.757217,-67.42697,40.714268,-74.00597
484,23.141645,116.11475,22.336914,114.176025
485,44.920326,0.73233277,41.149605,-8.610991
486,23.109314,115.53928,22.467928,114.23282
487,13.628442,90.49268,46.999996,7.9999986
488,51.00633,3.3813431,51.525623,-0.13582507
489,55.573605,17.457726,59.332573,18.0649
490,40.13669,6.7677536,41.388786,2.158991
491,42.10422,-63.67643,51.538994,0.05146707
492,41.995598,-64.27317,40.714268,-74.00597
493,19.358648,112.033775,35.671436,139.71875
494,23.816454,116.42934,22.336163,114.1722
495,42.546772,-65.07884,51.512295,-0.18800958
496,50.552094,3.4017828,51.508526,-0.12573974
497,40.73361,4.7255826,41.388786,2.158991
498,28.966349,53.698208,50.454655,30.523796
499,39.35382,-93.027664,37.78127,-122.39526
500,50.58105,3.2797244,51.504517,-0.21873917
501,45.760338,18.339878,1.4313858,103.774025
502,32.74901,131.00763,25.042236,121.50857
503,43.121826,-1.9822683,41.149605,-8.610991
504,56.8891,19.614891,59.332573,18.0649
505,23.131468,115.33897,22.289196,114.21935
506,53.109997,12.246603,52.510605,13.490493
507,23.483047,115.53208,22.37692,114.19483
508,8.969204,5.507268,8.49664,4.5421395
509,22.567005,115.18351,22.284216,114.03802
510,23.049847,115.24736,22.395533,114.19921
511,9.195853,5.8091373,8.154782,4.726763
512,24.137312,117.111015,22.430975,114.23759
513,42.090473,-63.74665,40.714268,-74.00597
514,3.2891932,-66.81622,4.657477,-74.06235
515,40.55959,4.8056455,41.388786,2.158991
516,17.91299,90.33938,50.454655,30.523796
517,23.013462,115.93292,22.297453,114.23728
518,9.821895,95.91681,1.3430626,103.953926
519,35.483147,129.3298,37.508846,127.062904
520,40.6846,6.346249,41.388786,2.158991
521,10.080251,6.8924675,8.155977,4.7262454
522,57.908028,19.578531,64.83778,-147.71638
523,12.996268,4.5219784,8.484488,4.5629244
524,39.589092,-73.36113,40.714268,-74.00597
525,56.329456,17.630238,59.930153,10.714729
526,50.71367,1.6653007,51.54236,-0.34641293
527,23.087513,115.14824,22.395294,114.19939
528,23.10675,115.79566,22.335365,114.15609
529,23.100765,115.33364,22.370771,114.18518
530,36.59366,-120.404396,39.753128,-105.00099
531,24.111992,116.497055,22.33632,114.172424
532,39.19989,-72.27852,40.76544,-73.97995
533,52.50403,2.8486311,51.50127,-0.09369167
534,22.839731,115.50852,22.290426,114.19905
535,22.82238,115.15603,22.275652,114.169044
536,22.812925,115.56908,22.372122,114.17848
537,41.72279,-66.400925,51.49056,-0.20645466
538,37.582138,-79.918816,44.975613,-93.25933
539,9.302165,5.4387126,8.463273,4.5807657
540,23.087072,115.57267,22.208166,114.02836
541,16.908749,98.95838,50.454655,30.523796
542,52.70563,13.181227,52.524364,13.410527
543,8.528471,5.370553,8.154818,4.7266374
544,38.717697,-91.498505,39.739143,-104.984695
545,23.059574,115.72162,22.335766,114.174225
546,46.60317,-62.70476,40.714268,-74.00597
547,23.025433,115.99189,22.290665,114.19939
548,9.458546,5.8403034,8.49664,4.5421395
549,51.072327,3.274991,51.49641,-0.14382783
550,22.089468,115.26785,22.226004,114.10864
551,38.699356,-74.01107,40.714268,-74.00597
552,44.000286,-12.144577,-33.444576,-70.65565
553,22.804268,115.54141,22.277283,114.17265
554,40.733673,3.714129,41.388786,2.158991
555,50.887062,3.2595887,51.508526,-0.12573974
556,27.29999,123.80697,25.044548,121.52419
557,-19.55298,-106.433876,-23.56496,-46.637665
558,23.06994,116.04738,22.35819,114.107376
559,9.898593,6.349687,8.48519,4.562436
560,50.811714,3.3032668,51.52866,-0.13326508
561,51.02041,3.1723669,51.58341,-0.07247862
562,22.96526,115.47018,22.431026,114.23753
563,34.362885,131.65057,37.52818,127.039734
564,40.1819,-6.4693456,41.149605,-8.610991
565,8.909012,6.155731,8.484596,4.562885
566,42.226753,-61.6382,40.714268,-74.00597
567,22.750307,115.54797,22.395533,114.19844
568,8.758149,5.477431,8.154842,4.7266254
569,23.025192,115.556114,22.395613,114.19973
570,9.243461,101.92027,1.355,103.94317
571,51.12754,2.5165625,51.418144,-0.1776787
572,59.812843,-137.45361,52.524364,13.410527
573,22.901316,115.369865,22.372478,114.1781
574,7.693796,106.93025,64.83778,-147.71638
575,22.819218,114.97664,22.372835,114.17857
576,38.080044,-75.562805,40.676903,-73.89956
577,42.20448,-61.02277,40.714268,-74.00597
578,23.344994,115.58831,22.336267,114.171906
579,29.531479,-3.370971,38.75382,-9.230829
580,12.502517,92.17653,1.4303387,103.83258
581,55.655624,16.642492,59.332573,18.0649
582,55.894558,19.347036,59.936504,10.916638
583,28.83678,125.27873,35.640163,139.63162
584,43.74475,-61.159832,40.714268,-74.00597
585,23.59032,115.290115,22.39593,114.19929
586,50.56654,24.58875,50.454655,30.523796
587,23.014359,115.5721,22.288359,114.21022
588,50.89216,3.668507,51.435833,-0.15967877
589,41.792564,-65.84116,51.492355,-0.15647182
590,55.292953,23.038702,59.33721,20.23833
591,20.079865,82.94981,1.3849385,103.7443
592,9.964656,6.263888,8.485249,4.563036
593,9.614965,5.9033284,8.4573,4.576936
594,38.486168,-90.73432,39.739143,-104.984695
595,22.997377,115.2368,22.395533,114.19973
596,23.311544,115.26699,22.395058,114.19939
597,40.556835,6.0085044,41.388786,2.158991
598,26.653847,59.072235,40.855984,14.224357
599,22.960087,115.7243,22.335434,114.17414
600,46.45961,18.779972,59.26332,18.0425
601,22.958038,115.399055,22.285519,114.157684
602,21.881369,112.60534,1.2896689,103.85006
603,41.917526,-64.92009,40.714268,-74.00597
604,38.03285,31.025108,1.3842996,103.744644
605,23.180164,115.17644,22.371725,114.185356
606,40.404633,6.11441,41.388786,2.158991
607,10.154488,4.3007517,7.9999986,3.9999993
608,40.684032,-68.8398,40.714268,-74.00597
609,44.65426,1.7206557,51.513607,-0.15841608
610,50.438004,3.249212,51.514973,-0.30147174
611,41.232735,-61.535404,51.535297,0.035269488
612,35.22344,134.87163,35.640053,139.6315
613,36.29526,31.515846,1.4294351,103.8317
614,9.369206,5.649116,8.154668,4.7267447
615,37.210976,-115.52964,37.783566,-122.39248
616,-15.513064,-56.017464,-33.576458,-70.58232
617,-38.73975,-61.901264,25.284895,51.535725
618,42.23236,-65.71429,40.714268,-74.00597
619,42.60489,-50.22659,64.83778,-147.71638
620,32.33524,127.158585,-23.564909,-46.637634
621,39.542152,-72.983765,40.714268,-74.00597
622,12.21196,2.4350908,38.75382,-9.230829
623,50.745777,2.5070817,51.591793,0.027320625
624,41.868565,-66.12775,51.524837,-0.0116568655
625,50.611744,3.6927748,51.508526,-0.12573974
626,34.136143,134.60349,35.639973,139.63144
627,23.155306,115.380646,22.289234,114.21979
628,9.509201,5.618909,8.484927,4.563035
629,40.51104,-68.515594,40.714268,-74.00597
630,9.401038,4.4045796,8.484566,4.562946
631,50.393772,3.7390964,51.508526,-0.12573974
632,11.626417,109.64236,37.57944,126.99662
633,22.910528,115.43565,22.395058,114.19827
634,42.034843,-65.003075,40.714268,-74.00597
635,23.030096,115.54133,22.394897,114.19939
636,33.032845,151.95677,40.678707,-73.90315
637,23.07905,115.5189,22.430922,114.23772
638,22.951628,115.96845,22.321396,114.17269
639,42.479427,-62.700886,40.714268,-74.00597
640,39.49854,-71.38618,40.714268,-74.00597
641,23.390446,116.77122,22.252314,113.860405
642,23.081013,115.59234,22.22632,114.10882
643,22.600971,115.33686,22.226162,114.10869
644,41.64881,20.346146,42.705967,23.284843
645,38.580875,-72.42637,64.83778,-147.71638
646,43.461346,14.190609,48.853405,2.3487995
647,5.898283,105.74744,21.0,104.99999
648,50.654476,3.1745033,51.562546,-0.30411628
649,34.693615,133.0157,35.639973,139.63144
650,4.381133,103.485954,3.141199,101.68652
651,25.853373,130.04369,37.50835,127.06304
652,47.097828,4.4503922,52.524364,13.410527
653,38.038353,-80.17914,41.149605,-8.610991
654,39.55961,-73.69433,40.745613,-73.94841
655,30.030619,55.306465,1.4320656,103.77413
656,39.774124,-3.6140816,35.601147,139.6846
657,21.209433,10.493006,8.457379,4.576873
658,41.761032,-66.17159,40.714268,-74.00597
659,2.6195896,-2.5030727,8.484938,4.563161
660,42.611927,-58.54605,40.714268,-74.00597
661,51.306316,3.5365453,51.500744,-0.19247971
662,42.34236,-67.53411,40.714268,-74.00597
663,42.182945,-63.523262,40.714268,-74.00597
664,9.540485,5.5499544,8.156144,4.7247806
665,50.875256,2.3590646,51.56446,-0.106495924
666,52.340687,12.503846,48.208015,16.37144
667,50.61051,3.2543683,51.55239,-0.2968218
668,22.786371,115.35309,22.371393,113.96578
669,28.25991,120.1242,40.714268,-74.00597
670,51.03099,4.418648,51.577656,-0.14661814
671,22.942823,115.21216,22.370613,114.18484
672,23.041012,115.75056,22.33005,114.16044
673,47.247795,5.5893793,52.524364,13.410527
674,26.226997,53.314953,25.31804,51.444107
675,40.24772,6.98133,41.388786,2.158991
676,38.413105,-92.52044,39.739143,-104.984695
677,9.88838,5.6194553,8.4847145,4.562909
678,23.43869,115.913956,22.431372,114.237495
679,39.87357,-82.950775,40.67788,-73.89208
680,35.766434,128.05414,37.56427,126.9825
681,41.99646,-3.293936,41.149605,-8.610991
682,23.107208,115.830795,22.334852,114.20954
683,40.361298,6.8379173,41.388786,2.158991
684,22.966602,115.58097,22.319328,114.16928
685,51.09171,2.47402,51.588108,-0.060276784
686,14.445057,88.896385,1.3843064,103.744644
687,50.995502,16.858515,59.96195,10.894763
688,36.176857,135.63353,38.243652,140.84457
689,23.185312,115.523315,22.285519,114.157684
690,41.453682,-67.93808,40.714268,-74.00597
691,66.94878,-157.1696,64.83778,-147.71638
692,23.088942,115.43251,22.37093,114.1851
693,50.828148,2.9139016,51.495842,-0.10071291
694,39.54653,-74.72989,40.680195,-73.88408
695,22.704817,115.48814,22.275534,114.16903
696,40.57771,5.7550826,41.388786,2.158991
697,23.064568,115.657906,22.289314,114.21966
698,50.559124,3.5975037,51.508526,-0.12573974
699,34.71893,131.5261,35.640205,139.63159
700,42.57959,-61.789097,40.714268,-74.00597
701,46.57282,1.8803042,41.149605,-8.610991
702,57.438362,33.523777,59.2761,18.131388
703,26.037676,53.93798,25.279598,51.531372
704,9.489649,5.6235905,8.484857,4.5630774
705,56.51672,17.910837,59.930153,10.714729
706,38.82465,-73.355896,40.714268,-74.00597
707,23.045609,115.36074,22.395613,114.199814
708,55.02963,19.996738,59.33721,20.23833
709,23.178059,115.202034,22.395533,114.199646
710,42.162785,-67.37951,51.49187,-0.19352554
711,42.338013,-67.38877,40.714268,-74.00597
712,23.455374,115.22813,22.37093,114.18475
713,33.791573,132.82849,35.60414,139.68416
714,33.112602,-18.904806,38.75382,-9.230829
715,43.365112,16.583529,42.71082,23.320543
716,40.143658,-88.40658,46.999996,7.9999986
717,23.55344,115.872665,22.430922,114.23762
718,40.2204,7.6507974,41.388786,2.158991
719,50.55103,3.2978241,51.508526,-0.12573974
720,42.99886,-68.37841,40.714268,-74.00597
721,50.656536,3.5696924,51.508526,-0.12573974
722,37.77004,-41.72558,38.75382,-9.230829
723,52.55369,12.357894,59.93482,10.666399
724,42.476204,27.51531,22.242569,114.14886
725,50.66483,3.30503,51.523125,-0.15688215
726,9.593357,6.609948,8.484596,4.563004
727,23.053251,115.63084,22.381937,114.27486
728,47.149734,-67.09304,51.581844,-0.31712514
729,39.674263,35.917397,50.454655,30.523796
730,50.835205,2.6805182,51.492638,-0.2223668
731,50.525253,3.5009122,51.508526,-0.12573974
732,22.95725,115.51076,22.39482,114.1981
733,50.98676,3.2369928,51.402405,-0.19476716
734,36.54906,-128.2665,37.78214,-122.39409
735,42.335407,-11.50152,39.753384,-105.000916
736,63.752995,-152.97247,64.83778,-147.71638
737,3.391615,105.10821,2.6775837,101.97623
738,38.74004,-74.31001,40.714268,-74.00597
739,46.942646,2.1985633,59.27583,16.554722
740,11.875744,-48.18785,-23.56496,-46.637665
741,22.336102,150.73198,-36.862343,174.8095
742,41.49026,-64.28313,51.49357,-0.2248932
743,66.00318,-152.84077,64.83778,-147.71638
744,43.629436,-67.598885,51.477093,-0.28521287
745,39.689823,-5.6566496,41.149605,-8.610991
746,51.031643,4.211198,51.575634,0.090330034
747,9.473382,5.462663,8.48567,4.5628867
748,9.077592,5.091294,8.156144,4.7247806
749,40.427322,-69.01869,40.714268,-74.00597
750,12.25723,96.65384,1.298641,103.7976
751,40.25193,-69.91379,51.49186,-0.27514693
752,47.28354,9.1563425,43.271133,5.4028645
753,-25.067497,-68.342674,-33.519787,-70.59961
754,50.522236,3.9764357,51.50866,-0.12473322
755,26.642479,53.828983,25.3177,51.44002
756,38.354404,29.028654,59.96176,10.923165
757,55.880753,18.510372,59.936504,10.916638
758,35.65642,127.75258,37.51993,127.01559
759,58.79004,-2.0370634,64.83778,-147.71638
760,36.43738,-103.03843,39.753384,-105.000916
761,23.119852,115.61966,22.37101,114.1851
762,21.155634,92.95402,50.454655,30.523796
763,50.914536,3.8206646,51.524582,-0.13825494
764,22.907759,115.57928,22.3154,114.26425
765,42.537666,-62.07041,40.714268,-74.00597
766,51.052265,1.596911,51.511288,-0.12822351
767,37.52803,-115.69763,37.789467,-122.40116
768,26.438974,54.001453,25.315006,51.44053
769,22.779095,115.51286,22.381462,114.27413
770,40.366947,18.41228,46.999996,7.9999986
771,50.486343,3.7654774,51.508526,-0.12573974
772,37.14424,-5.5289755,40.685955,-73.91597
773,39.440186,25.619686,46.999996,7.9999986
774,31.640574,130.40541,22.284946,114.14254
775,23.128414,116.17859,22.35843,114.1072
776,55.272804,19.071283,59.332573,18.0649
777,23.208508,115.31268,22.335686,114.174095
778,35.042645,-63.813675,40.674385,-73.89649
779,35.570747,133.22983,35.601154,139.68463
780,19.706776,92.77417,22.32195,114.17237
781,9.201918,5.5814886,8.485342,4.5632777
782,50.84776,3.2130463,51.529823,-0.1856089
783,37.996563,-74.09908,40.678097,-73.910645
784,22.812368,115.678116,22.373152,114.17874
785,42.37768,-62.442673,40.714268,-74.00597
786,23.309734,116.31787,22.28832,114.2099
787,22.895931,115.644875,22.278868,114.16628
788,50.54837,3.7271426,51.508526,-0.12573974
789,50.80849,2.5813193,51.495842,-0.10071291
790,56.469723,18.878658,59.332573,18.0649
791,24.310581,120.12726,25.13217,121.49831
792,25.433601,53.917423,25.319767,51.44084
793,6.71826,103.775665,1.3012439,103.79923
794,38.62719,-109.46223,39.739143,-104.984695
795,6.733047,2.8224883,8.485461,4.5629764
796,41.544533,-5.749254,39.753384,-105.000916
797,50.549583,3.7870708,51.603786,0.09310641
798,8.954004,5.228836,8.456812,4.5768027
799,41.644035,-64.66534,40.714268,-74.00597
800,22.511992,71.15825,-27.420435,152.99237
801,23.023743,115.772194,22.337233,114.17784
802,45.828495,21.204967,46.999996,7.9999986
803,34.911316,131.07616,37.507236,127.000465
804,50.87152,2.3514147,51.547127,-0.18047474
805,34.9637,132.83652,35.671436,139.71875
806,20.187077,106.7928,1.3432078,103.954124
807,-12.833088,161.29109,-27.466028,153.02618
808,22.460983,113.57832,50.454655,30.523796
809,22.944178,115.73499,22.46781,114.23286
810,50.601303,2.4875677,51.562546,-0.30411628
811,23.138979,115.36719,22.371605,113.965996
812,23.093872,115.93562,25.024591,121.52701
813,23.152925,115.59133,22.371489,114.185875
